ID,dados_hist_ONS_19312018,sub,id_prevs_2018,bacia_name,PREVS_ONS_OUT,,prod,mais_running,posto_id,sar_ana_posto_id,sar_ana_posto_id_bkp,usina_id_vazao_natural_history,mais_calculated,,,,,bacia_name_ena,ID_vazao_Previvaz_2018_ALEX,Previvaz_ID,nome_Previvaz_2018_ALEX,volume_name_history,reservatorio_amontante,postos_amontante,,,id_prevs_2018,bacia_name_gab,ree,,,usina_name,usina_name_historical,usina_name_bdo,,,lat,lon,"lat,lon – quantum",Nome – quantum,Nome – Rio – quantum,Incremental,artificial,calculated,soma incre,ID,NOME,NOME ABREVIADO,RESERVATORIO,RIO,BACIA,SUBSISTEMA,REE,CIDADE,SITUAÇÃO,TIPO DE SÉRIE,ALGORITMO,calculado,expension,FÓRMULA,USA CHUVA-VAZÃO?,PRODUTIBILIDADE,
1,CAMARGOS (1),SE,CAMARGOS,grande,1,,0.1971,1,1,19001,19001,1,,,,,,grande,1,1,CAMARGOS,camargos,,,,,1,Grande,10,,,camargos,camargos,CAMARGOS,,,-21.32555556,-44.61666667,"-21.32555556,-44.61666667",UHE Camargos,UHE Camargos (Rio Grande),0,0,0,,1,Camargos,CAMARGOS,CAMARGOS,Grande,Grande,SE,Parana,Itutinga-MG,Operação,Natural,Vazão obs.,,,,S,0.1971,
2,ITUTINGA (2),SE,ITUTINGA,grande,2,,0.2447,2,2,19002,19002,2,,,,,,grande,2,2,ITUTINGA,,1,1,,,2,Grande,10,,,itutinga,itutinga,ITUTINGA,,,-21.29277778,-44.62277778,"-21.29277778,-44.62277778",UHE Itutinga,UHE Itutinga (Rio Grande),0,0,0,,2,Itutinga,ITUTINGA,ITUTINGA,Grande,Grande,SE,Parana,Itutinga-MG,Operação,Natural,Regredido,,,,,0.2447,
6,FURNAS (6),SE,FURNAS,grande,6,,0.7726,6,6,19004,19004,6,,,,,,grande,6,6,FURNAS,furnas,123,123,,,6,Grande,10,,,furnas,furnas,FURNAS,,,-20.66944444,-46.31388889,"-20.66944444,-46.31388889",UHE Furnas,UHE Furnas (Rio Grande),0,0,0,,6,Furnas,FURNAS,FURNAS,Grande,Grande,SE,Parana,SaoJosedaBarra-MG,Operação,Natural,Vazão obs.,,,,S,0.7726,
7,M. DE MORAES (7),SE,MASC. DE MORAES,grande,7,,0.3337,7,7,19005,19005,7,,,,,,grande,7,7,MASC. DE MORAES,m. moraes,6,6,,,7,Grande,10,,,masc. de moraes,m. moraes,M. MORAES,,,-20.287159,-47.065781,,,,0,0,0,,7,Mascarenhas de Moraes (Peixoto),M. DE MORAES,M. MORAES,Grande,Grande,SE,Parana,Ibiraci-MG,Operação,Natural,Regredido,,,,,0.3337,
8,ESTREITO (8),SE,ESTREITO,grande,8,,0.5627,8,8,19006,19006,8,,,,,,grande,8,8,ESTREITO,,7,7,,,8,Grande,10,,,estreito,estreito,ESTREITO,,,-20.15361111,-47.27777778,"-20.15361111,-47.27777778",UHE Estreito,UHE Estreito (Rio Grande),0,0,0,,8,Luís Carlos Barreto de Carvalho (Estreito),ESTREITO,L. C. BARRETO,Grande,Grande,SE,Parana,Pedregulho-SP,Operação,Natural,Regredido,,,,,0.5627,
9,JAGUARA (9),SE,JAGUARA,grande,9,,0.4043,9,9,19007,19007,9,,,,,,grande,9,9,JAGUARA,,7,8,,,9,Grande,10,,,jaguara,jaguara,JAGUARA,,,-20.02500000,-47.43555556,"-20.02500000,-47.43555556",UHE Jaguara,UHE Jaguara (Rio Grande),0,0,0,,9,Jaguara,JAGUARA,JAGUARA,Grande,Grande,SE,Parana,Rifaina-SP,Operação,Natural,Regredido,,,,,0.4043,
10,IGARAPAVA (10),SE,IGARAPAVA,grande,10,,0.1525,10,10,19008,19008,10,,,,,,grande,10,10,IGARAPAVA,,7,9,,,10,Grande,10,,,igarapava,igarapava,IGARAPAVA,,,-19.99027778,-47.75416667,"-19.99027778,-47.75416667",UHE Igarapava,UHE Igarapava (Rio Grande),0,0,0,,10,Igarapava,IGARAPAVA,IGARAPAVA,Grande,Grande,SE,Parana,Igarapava-SP,Operação,Natural,Regredido,,,,,0.1525,
11,VOLTA GRANDE (11),SE,VOLTA GRANDE,grande,11,,0.2472,11,11,19009,19009,11,,,,,,grande,11,11,VOLTA GRANDE,,7,10,,,11,Grande,10,,,volta grande,volta grande,VOLTA GRANDE,,,-20.03277778,-48.21722222,"-20.03277778,-48.21722222",UHE Volta Grande,UHE Volta Grande (Rio Grande),0,0,0,,11,Volta Grande,VOLTA GRANDE,VOLTA GRANDE,Grande,Grande,SE,Parana,Miguelopolis-SP,Operação,Natural,Regredido,,,,,0.2472,
12,P. COLOMBIA (12),SE,P COLOMBIA,grande,12,,0.2038,12,12,19010,19010,12,,,,,,grande,12,12,P COLOMBIA,,7,11,,,12,Grande,10,,,p colombia,p. colombia,P. COLOMBIA,,,-20.12694444,-48.56583333,"-20.12694444,-48.56583333",UHE Porto Colômbia,UHE Porto Colômbia (Rio Grande),0,0,0,,12,Porto Colômbia,P. COLOMBIA,P. COLOMBIA,Grande,Grande,SE,Parana,Planura-MG,Operação,Natural,Regredido,,,,,0.2038,
14,CACONDE (14),SE,CACONDE,grande,14,,0.8146,14,14,19011,19011,14,,,,,,grande,14,14,CACONDE,caconde,,,,,14,Grande,10,,,caconde,caconde,CACONDE,,,-21.575125,-46.623605,,,,0,0,0,,14,Caconde,CACONDE,CACONDE,Pardo,Grande,SE,Parana,Caconde-SP,Operação,Natural,Vazão obs.,,,,S,0.8146,
15,E. DA CUNHA (15),SE,EUC DA CUNHA,grande,15,,0.7461,15,15,19012,19012,15,,,,,,grande,15,15,EUC DA CUNHA,,14,14,,,15,Grande,10,,,euc da cunha,e. da cunha,E. DA CUNHA,,,-21.60277778,-46.94777778,"-21.60277778,-46.94777778",UHE Euclides da Cunha,UHE Euclides da Cunha (Rio Pardo),0,0,0,,15,Euclides da Cunha,E. DA CUNHA,E. DA CUNHA,Pardo,Grande,SE,Parana,SaoJosedoRioPardo-SP,Operação,Natural,Regredido,,,,,0.7461,
16,A.S.OLIVEIRA (16),SE,LIMOEIRO,grande,16,,0.2064,16,16,19013,19013,16,,,,,,grande,16,16,LIMOEIRO,,14,15,,,16,Grande,10,,,limoeiro,limoeiro,LIMOEIRO,,,-21.62472222,-47.01055556,"-21.62472222,-47.01055556",UHE Limoeiro,UHE Limoeiro (Rio Pardo),0,0,0,,16,Armando Salles de Oliveira (Limoeiro),A.S.OLIVEIRA,LIMOEIRO,Pardo,Grande,SE,Parana,SallesdeOliveira-PR,Operação,Natural,Regredido,,,,,0.2064,
17,MARIMBONDO (17),SE,MARIMBONDO,grande,17,,0.4939,17,17,19014,19014,17,,,,,,grande,17,17,MARIMBONDO,marimbondo,7_14,12_16,,,17,Grande,10,,,marimbondo,marimbondo,MARIMBONDO,,,-20.30388889,-49.19277778,"-20.30388889,-49.19277778",UHE Marimbondo,UHE Marimbondo (Rio Grande),0,0,0,,17,Marimbondo,MARIMBONDO,MARIMBONDO,Grande,Grande,SE,Parana,Icem-SP,Operação,Natural,Vazão obs.,,,,S,0.4939,
18,A. VERMELHA (18),SE,AGUA VERMELHA,grande,18,,0.4710,18,18,19015,19015,18,,,,,,grande,18,18,AGUA VERMELHA,a. vermelha,17,17,,,18,Grande,10,,,agua vermelha,a. vermelha,A. VERMELHA,,,-19.86805556,-50.34277778,"-19.86805556,-50.34277778",UHE Água Vermelha,UHE Água Vermelha (Rio Grande),0,0,0,,18,Água Vermelha (José Ermírio de Moraes),A. VERMELHA,A. VERMELHA,Grande,Grande,SE,Parana,Iturama-MG,Operação,Natural,Vazão obs.,,,,S,471,
,,,,,,,,,,,,,,,,,,,,,,,,,,,,,,,,,,,,,,,,,,,,,,20,Bocaina - expansão,,(só aparece em VAZOES.DAT),Paranaíba,Paranaíba,SE,Parana,Davinopolis-GO,Expansão,Natural,,,,,,,
22,BATALHA (22),SE,BATALHA,paranaiba,22,,0.3502,22,22,19143,19143,22,,,,,,paranaiba,22,22,BATALHA,batalha,,,,,22,Paranaiba,10,,,batalha,batalha,BATALHA,,,-17.34555556,-47.48944444,"-17.34555556,-47.48944444",UHE Batalha,UHE Batalha (Rio São Marcos),0,0,0,,22,Batalha (Paulistas) - expansão,BATALHA,BATALHA,São Marcos,Paranaíba,SE,Parana,Cristalina-GO,Expansão,Natural,Regredido,,,,,0.3502,
23,CORUMBA III (23),SE,CORUMBA III,paranaiba,23,,0.3621,23,23,19023,19023,23,,,,,,paranaiba,23,23,CORUMBA III,corumba-3,205,205,,,23,Paranaiba,10,,,corumba iii,corumba-3,CORUMBA-3,,,-16.78611111,-47.94194444,"-16.78611111,-47.94194444",UHE Corumbá III,UHE Corumbá III (Rio Corumbá),0,0,0,,23,Corumbá 3,CORUMBA III,CORUMBA-3,Corumbá,Paranaíba,SE,Parana,Luziania-GO,Operação,Natural,Regredido,,,,,0.3621,
24,EMBORCACAO (24),SE,EMBORCACAO,paranaiba,24,,1.1027,24,24,19017,19017,24,,,,,,paranaiba,24,24,EMBORCACAO,emborcação,251,251,,,24,Paranaiba,10,,,emborcacao,emborcação,EMBORCAÇÃO,,,-18.45111111,-47.98194444,"-18.45111111,-47.98194444",UHE Emborcação,UHE Emborcação (Rio Paranaíba),0,0,0,,24,Emborcação,EMBORCACAO,EMBORCAÇÃO,Paranaíba,Paranaíba,SE,Parana,Araguari-MG,Operação,Natural,Vazão obs.,,,,S,1.1027,
25,NOVA PONTE (25),SE,NOVA PONTE,paranaiba,25,,1.0025,25,25,19018,19018,25,,,,,,paranaiba,25,25,NOVA PONTE,nova ponte,,,,,25,Paranaiba,10,,,nova ponte,nova ponte,NOVA PONTE,,,-19.13111111,-47.69361111,"-19.13111111,-47.69361111",UHE Nova Ponte,UHE Nova Ponte (Rio Araguari),0,0,0,,25,Nova Ponte,NOVA PONTE,NOVA PONTE,Araguari,Paranaíba,SE,Parana,NovaPonte-MG,Operação,Natural,Vazão obs.,,,,S,1.0025,
28,CAPIM BRANC2 (28),SE,CAPIM BRANCO 2,paranaiba,28,,0.4018,28,28,19021,19021,28,,,,,,paranaiba,28,28,CAPIM BRANCO 2,,207,207,,,28,Paranaiba,10,,,capim branco 2,c.branco-2,C.BRANCO-2,,,-18.65888889,-48.43583333,"-18.65888889,-48.43583333",UHE Capim Branco II,UHE Capim Branco II (Rio Araguari),0,0,0,,28,Capim Branco 2 (Amador Aguiar 2),CAPIM BRANC2,C.BRANCO-2,Araguari,Paranaíba,SE,Parana,Aimores-MG,Operação,Natural,Regredido,,,,,0.4018,
31,ITUMBIARA (31),SE,ITUMBIARA,paranaiba,31,,0.6813,31,31,19025,19025,31,,,,,,paranaiba,31,31,ITUMBIARA,itumbiara,209_24_207,209_24_28,,,31,Paranaiba,10,,,itumbiara,itumbiara,ITUMBIARA,,,-18.40944444,-49.09694444,"-18.40944444,-49.09694444",UHE Itumbiara,UHE Itumbiara (Rio Paranaíba),0,0,0,,31,Itumbiara,ITUMBIARA,ITUMBIARA,Paranaíba,Paranaíba,SE,Parana,Itumbiara-GO,Operação,Natural,Vazão obs.,,,,S,0.6813,
32,CACH.DOURADA (32),SE,CACH DOURADA,paranaiba,32,,0.2826,32,32,19026,19026,32,,,,,,paranaiba,32,32,CACH DOURADA,,31,31,,,32,Paranaiba,10,,,cach dourada,c. dourada,C. DOURADA,,,-18.50361111,-49.49250000,"-18.50361111,-49.49250000",UHE Cachoeira Dourada,UHE Cachoeira Dourada (Rio Paranaíba),0,0,0,,32,Cachoeira Dourada,CACH.DOURADA,C. DOURADA,Paranaíba,Paranaíba,SE,Parana,CachoeiraDourada-MG,Operação,Natural,Vazão obs.,,,,S,0.2826,
33,SAO SIMAO (33),SE,SAO SIMAO,paranaiba,33,,0.6241,33,33,19027,19027,33,,,,,,paranaiba,33,33,SAO SIMAO,são simão,31,32,,,33,Paranaiba,10,,,sao simao,são simão,SÃO SIMÃO,,,-19.01666667,-50.50000000,"-19.01666667,-50.50000000",UHE São Simão,UHE São Simão (Rio Paranaíba),0,0,0,,33,São Simão,SAO SIMAO,SÃO SIMÃO,Paranaíba,Paranaíba,SE,Parana,SaoSimao-GO,Operação,Natural,Vazão obs.,,,,S,0.6241,
34,I. SOLTEIRA (34),SE,ILHA SOLTEIRA,alto parana,34,,0.3901,34,34,19034,19034,34,,,,,,parana,34,34,ILHA SOLTEIRA,i. solteira,99_247_33_18_240_243,99_241_261_33_18_243,,,34,Parana,10,,,ilha solteira,i. solteira,I. SOLTEIRA,,,-20.37972222,-51.35805556,"-20.37972222,-51.35805556",UHE Ilha Solteira,UHE Ilha Solteira (Rio Paraná),1,0,0,,34,Ilha Solteira,,I. SOLTEIRA,Paraná,Paraná,SE,Parana,IlhaSolteira-SP,Operação,Natural,Vazão obs.,,,,N,0.3901,
37,,SE,BARRA BONITA ART.,,,,0.1723,,,,,,,,,,,,,37,BARRA BONITA,,,,,,37,,,,,,,,,,,,,,,,1,0,,37,Barra Bonita - artificial,BARRA BONITA,(só aparece em VAZOES.DAT),Tietê,Tietê,SE,Parana,BarraBonita-SP,Operação,Artificial,,,,"37 = vaz(237) – 0,1 x [vaz(161) – vaz(117) – vaz(118)] – vaz(117) – vaz(118) ",,,
38,,SE,BARIRI ART.,,,,0.1881,,,,,,,,,,,,,38,BARIRI,,,,,,38,,,,,,,,,,,,,,,,1,0,,38,Álvaro de Souza Lima (Bariri) - artificial,A.S. LIMA,(só aparece em VAZOES.DAT),Tietê,Tietê,SE,Parana,Boraceia-SP,Operação,Artificial,,,,"38 = vaz(238) – 0,1 x [vaz(161) – vaz(117) – vaz(118)] – vaz(117) – vaz(118) ",,,
39,,SE,IBITINGA ART.,,,,0.1872,,,,,,,,,,,,,39,IBITINGA,,,,,,39,,,,,,,,,,,,,,,,1,0,,39,Ibitinga - artificial,IBITINGA,(só aparece em VAZOES.DAT),Tietê,Tietê,SE,Parana,Ibitinga-SP,Operação,Artificial,,,,"39 = vaz(239) – 0,1 x [vaz(161) – vaz(117) – vaz(118)] – vaz(117) – vaz(118) ",,,
40,,SE,PROMISSAO ART.,,,,0.2059,,,,,,,,,,,,,40,PROMISSAO,,,,,,40,,,,,,,,,,,,,,,,1,0,,40,Promissão (Mário Lopes Leão) - artificial,PROMISSAO,(só aparece em VAZOES.DAT),Tietê,Tietê,SE,Parana,Ubarana-SP,Operação,Artificial,,,,"40 = vaz(240) – 0,1 x [vaz(161) – vaz(117) – vaz(118)] – vaz(117) – vaz(118) ",,,
42,,SE,N.AVANHANDAVA ART.,,,,0.2601,,,,,,,,,,,,,42,N.AVANHANDAVA,,,,,,42,,,,,,,,,,,,,,,,1,0,,42,Nova Avanhandava (Rui Barbosa) - artificial,NAVANHANDAVA,(só aparece em VAZOES.DAT),Tietê,Tietê,SE,Parana,Buritama-SP,Operação,Artificial,,,,"42 = vaz(242) – 0,1 x [vaz(161) – vaz(117) – vaz(118)] – vaz(117) – vaz(118) ",,,
43,,SE,TRES IRMAOS ART.,,,,0.3997,,,,,,,,,,,,,43,TRES IRMAOS,,,,,,43,,,,,,,,,,,,,,,,1,0,,43,Três Irmãos - artificial,,(só aparece em VAZOES.DAT),Tietê,Tietê,SE,Parana,PereiraBarreto-SP,Operação,Artificial,,,,"43 = vaz(243) – 0,1 x [vaz(161) – vaz(117) – vaz(118)] – vaz(117) – vaz(118) ",,,
,,SE,,,,,,,,,,,,,,,,,,44,ILHA SOLTEIRA ART.,,,,,,,,,,,,,,,,,,,,,,1,0,,44,Ilha Solteira Equivalente - artificial,I. SOLT. EQV,(só aparece em VAZOES.DAT),Tietê-Paraná,Paraná,SE,Parana,IlhaSolteira-SP,Operação,Artificial,,,,"44 = vaz(244) – 0,1 x [vaz(161) – vaz(117) – vaz(118)] – vaz(117) – vaz(118) ",,,
45,,SE,JUPIA ART.,,,,0.1900,,,,,,,,,,,,,45,JUPIA,,,,,,45,,,,,,,,,,,,,,,,1,0,,45,Jupiá (Engenheiro Souza Dias) - artificial,JUPIA,(só aparece em VAZOES.DAT),Paraná,Paraná,SE,Parana,TresLagoas-MS,Operação,Artificial,,,,"45 = vaz(245) – 0,1 x [vaz(161) – vaz(117) – vaz(118)] – vaz(117) – vaz(118) ",,,
46,,SE,P.PRIMAVERA ART.,,,,0.1698,,,,,,,,,,,,,46,P.PRIMAVERA,,,,,,46,,,,,,,,,,,,,,,,1,0,,46,Porto Primavera (Engenheiro Sérgio Motta) - artificial,P. PRIMAVERA,(só aparece em VAZOES.DAT),Paraná,Paraná,SE,Parana,Anaurilandia-MS,Operação,Artificial,,,,"46 = vaz(246) – 0,1 x [vaz(161) – vaz(117) – vaz(118)] – vaz(117) – vaz(118) ",,,
47,A.A. LAYDNER (47),SE,JURUMIRIM,paranapanema,47,,0.2926,47,47,19048,19048,47,,,,,,paranapanema,47,47,JURUMIRIM,jurumirim,,,,,47,Paranapanema,12,,,jurumirim,jurumirim,JURUMIRIM,,,-23.21083333,-49.22916667,"-23.21083333,-49.22916667",UHE Jurumirim,UHE Jurumirim (Rio Paranapanema),0,0,0,,47,Armando Avellanal Laydner (Jurumirim),A.A. LAYDNER,JURUMIRIM,Paranapanema,Paranapanema,SE,Paranapanema,Piraju-SP,Operação,Natural,Vazão obs.,,,,S,0.2926,
48,PIRAJU (48),SE,PIRAJU,paranapanema,48,,0.2296,48,48,19049,19049,48,,,,,,paranapanema,48,48,PIRAJU,,47,47,,,48,Paranapanema,12,,,piraju,piraju,PIRAJU,,,-23.15333333,-49.38083333,"-23.15333333,-49.38083333",UHE Pirajú,UHE Pirajú (Rio Paranapanema),0,0,0,,48,Piraju,PIRAJU,PIRAJU,Paranapanema,Paranapanema,SE,Paranapanema,Piraju-SP,Operação,Natural,Regredido,,,,,0.2296,
49,CHAVANTES (49),SE,CHAVANTES,paranapanema,49,,0.6509,49,49,19050,19050,49,,,,,,paranapanema,49,49,CHAVANTES,chavantes,47,48,,,49,Paranapanema,12,,,chavantes,chavantes,CHAVANTES,,,-23.13055556,-49.73333333,"-23.13055556,-49.73333333",UHE Chavantes,UHE Chavantes (Rio Paranapanema),0,0,0,,49,Chavantes,CHAVANTES,CHAVANTES,Paranapanema,Paranapanema,SE,Paranapanema,Chavantes-SP,Operação,Natural,Regredido,,,,,0.6509,
50,L.N. GARCEZ (50),SE,LUCAS GARCEZ,paranapanema,50,,0.1497,50,50,19052,19052,50,,,,,,paranapanema,50,50,LUCAS GARCEZ,,49,249,,,50,Paranapanema,12,,,lucas garcez,salto grande cs,SALTO GRANDE CS,,,-22.904496,-49.998816,,,,0,0,0,,50,Lucas Nogueira Garcez (Salto Grande),L.N. GARCEZ,SALTO GRANDE CS,Paranapanema,Paranapanema,SE,Paranapanema,SaltoGrande-SP,Operação,Natural,Regredido,,,,,0.1497,
51,CANOAS II (51),SE,CANOAS 2,paranapanema,51,,0.1289,51,51,19053,19053,51,,,,,,paranapanema,51,51,CANOAS 2,,49,50,,,51,Paranapanema,12,,,canoas 2,canoas ii,CANOAS II,,,-22.93777778,-50.24888889,"-22.93777778,-50.24888889",UHE Canoas II,UHE Canoas II (Rio Paranapanema),0,0,0,,51,Canoas 2,CANOAS II,CANOAS II,Paranapanema,Paranapanema,SE,Paranapanema,Andira-PR,Operação,Natural,Regredido,,,,,0.1289,
52,CANOAS I (52),SE,CANOAS 1,paranapanema,52,,0.1509,52,52,19054,19054,52,,,,,,paranapanema,52,52,CANOAS 1,,49,51,,,52,Paranapanema,12,,,canoas 1,canoas i,CANOAS I,,,-22.94222222,-50.51638889,"-22.94222222,-50.51638889",UHE Canoas I,UHE Canoas I (Rio Paranapanema),0,0,0,,52,Canoas 1,CANOAS I,CANOAS I,Paranapanema,Paranapanema,SE,Paranapanema,CandidoMota-SP,Operação,Natural,Regredido,,,,,0.1509,
,,,,,,,,,,,,,,,,,,,,,,,,,,,,,,,,,,,,,,,,,,,,,,54,Santa Branca – expansão,STA BRANCA T,(só aparece em VAZOES.DAT),Tibagi,Paranapanema,S,Iguacu,Tibagi-PR,Expansão,Natual,,,,,,,
,,,,,,,,,,,,,,,,,,,,,,,,,,,,,,,,,,,,,,,,,,,,,,55,Tibagi Montante,TIBAGI MONT,(só aparece em VAZOES.DAT),Tibagi,Paranapanema,S,Iguacu,Tibagi-PR,Expansão,Natual,,,,,,,
57,MAUA (57),S,MAUÁ,paranapanema,57,,1.0462,57,57,19142,19142,57,,,,,,paranapanema,57,57,MAUÁ,maua,,,,,57,Paranapanema,11,,,maua,maua,MAUA,,,-24.06250000,-50.70805556,"-24.06250000,-50.70805556",UHE Mauá,UHE Mauá (Rio Tibagi),0,0,0,,57,Mauá,MAUA,MAUA,Tibagi,Paranapanema,S,Iguacu,CampoLargo-PR,Operação,Natural,Vazão obs.,,,,S,1.0462,
,,,,,,,,,,,,,,,,,,,,,,,,,,,,,,,,,,,,,,,,,,,,,,58,São Jerônimo - expansão,,(só aparece em VAZOES.DAT),Tibagi,Paranapanema,SE,Paranapanema,Tamarana-PR,Expansão,Natural,,,,,,,
61,CAPIVARA (61),SE,CAPIVARA,paranapanema,61,,0.3964,61,61,19055,19055,61,,,,,,paranapanema,61,61,CAPIVARA,capivara,49_57,52_57,,,61,Paranapanema,12,,,capivara,capivara,CAPIVARA,,,-22.66111111,-51.35388889,"-22.66111111,-51.35388889",UHE Capivara,UHE Capivara (Rio Paranapanema),0,0,0,,61,Capivara (Escola de Engenharia Mackenzie),CAPIVARA,CAPIVARA,Paranapanema,Paranapanema,SE,Paranapanema,Porecatu-PR,Operação,Natural,Vazão obs.,,,,S,0.3964,
62,TAQUARUCU (62),SE,TAQUARUCU,paranapanema,62,,0.2243,62,62,19056,19056,62,,,,,,paranapanema,62,62,TAQUARUCU,,61,61,,,62,Paranapanema,12,,,taquarucu,taquaruçu,TAQUARUÇU,,,-22.54472222,-51.99583333,"-22.54472222,-51.99583333",UHE Taquaruçu,UHE Taquaruçu (Rio Paranapanema),0,0,0,,62,Taquaruçu (Escola Politécnica),TAQUARUCU,TAQUARUÇU,Paranapanema,Paranapanema,SE,Paranapanema,Itaguaje-PR,Operação,Natural,Regredido,,,,,0.2243,
63,ROSANA (63),SE,ROSANA,paranapanema,63,,0.1863,63,63,19057,19057,63,,,,,,paranapanema,63,63,ROSANA,,61,62,,,63,Paranapanema,12,,,rosana,rosana,ROSANA,,,-22.60222222,-52.86861111,"-22.60222222,-52.86861111",UHE Rosana,UHE Rosana (Rio Paranapanema),0,0,0,,63,Rosana,ROSANA,ROSANA,Paranapanema,Paranapanema,SE,Paranapanema,Rosana-SP,Operação,Natural,Vazão obs.,,,,S,0.1863,
,,,,,,,,,,,,,,,,,,,,,,,,,,,,,,,,,,,,,,,,,,,,,,65,Salto Grande do Rio Chopim - expansão,,(só aparece em VAZOES.DAT),Chopim,Iguaçu,S,Iguacu,CoronelVivida-PR,Expansão,Natural,,,,,,,
66,,SE,ITAIPU ART.,,,,1.0342,,,,,,,,,,,,,66,ITAIPU ART.,,,,,,66,,,,,,,,,,,,,,,,1,0,,66,Itaipu - artificial,ITAIPU,(só aparece em VAZOES.DAT),Paraná,Paraná,SE,Itaipu,FozdoIguacu-PR,Operação,Artificial,,,,"66 = vaz(266) – 0,1 x [vaz(161) – vaz(117) – vaz(118)] – vaz(117) – vaz(118) ",,1.0342,
,,,,,,,,,,,,,,,,,,,,,,,,,,,,,,,,,,,,,,,,,,,,,,70,Jordão (Barra) - artificial,JORDAO,(só aparece em VAZOES.DAT),Jordão-Iguaçu,Iguaçu,S,Iguacu,FozdoJordao-PR,Operação,Artificial,,,,"70 = vaz(73) – min(vaz(73) – 10 m³/s; 173,5 m³/s)",,,
71,STA CLARA PR (71),S,STA CLARA PR,iguacu,71,,0.8133,71,71,19061,19061,71,,,,,,iguacu,71,71,STA CLARA PR,santa clara-pr,,,,,71,Iguacu,11,,,sta clara pr,santa clara-pr,SANTA CLARA-PR,,,-25.64611111,-51.95611111,"-25.64611111,-51.95611111",UHE Santa Clara PR,UHE Santa Clara PR (Rio Jordão),0,0,0,,71,Santa Clara PR,STA CLARA PR,SANTA CLARA-PR,Jordão,Iguaçu,S,Iguacu,Candoi-PR,Operação,Natural,Vazão obs.,,,,S,0.8133,
72,FUNDAO (72),S,FUNDÃO,iguacu,72,,0.8299,72,72,19062,19062,72,,,,,,iguacu,72,72,FUNDÃO,,71,71,,,72,Iguacu,11,,,fundão,fundão,FUNDÃO,,,-25.70083333,-52.00361111,"-25.70083333,-52.00361111",UHE Fundão,UHE Fundão (Rio Jordão),0,0,0,,72,Fundão,FUNDAO,FUNDÃO,Jordão-Iratim,Iguaçu,S,Iguacu,FozdoJordao-PR,Operação,Natural,Regredido,,,,,0.8299,
73,JORDAO (73),S,JORDÃO NAT.,iguacu,73,,0.0,,73,,19063,73,,,,,,iguacu,73,73,JORDÃO NAT.,jordão,72_71,76_72,,,73,Iguacu,11,,,jordão nat.,jordão,JORDÃO,,,-25.75722222,-52.08638889,"-25.75722222,-52.08638889",RES Jordão,RES Jordão (Rio Jordão),0,0,0,,73,Jordão (Barra),,JORDÃO,Jordão-Iguaçu,Iguaçu,S,Iguacu,FozdoJordao-PR,Operação,Natural,Vazão obs.,,,,S,0,
74,G.B. MUNHOZ (74),S,FOZ DO AREIA,iguacu,74,,1.1477,74,74,19059,19059,74,,,,,,iguacu,74,74,FOZ DO AREIA,g. b. munhoz,,,,,74,Iguacu,11,,,foz do areia,g. b. munhoz,G. B. MUNHOZ,,,-26.00944444,-51.66472222,"-26.00944444,-51.66472222",UHE Foz do Areia,UHE Foz do Areia (Rio Iguaçu),0,0,0,,74,Governador Bento Munhoz (Foz do Areia),G.B. MUNHOZ,G. B. MUNHOZ,Iguaçu,Iguaçu,S,Iguacu,Pinhao-PR,Operação,Natural,Vazão obs.,,,,S,1.1477,
75,,S,SEGREDO ART.,,,,1.0242,,,,,,,,,,,,,75,SEGREDO,,,,,,75,,,,,,,,,,,,,,,,1,0,,75,Segredo (Governador Ney Aminthas de Barros Braga) - artificial,SEGREDO,(só aparece em VAZOES.DAT),Iguaçu,Iguaçu,S,Iguacu,Mangueirinha-PR,Operação,Artificial,,,,"75 = vaz(76) + min(vaz(73) – 10 m³/s ; 173,5 m³/s)",,1.0242,
76,SEGREDO (76),S,SEGREDO NAT.,iguacu,76,,0.0,76,76,19060,19060,76,,,,,,iguacu,76,,,segredo,,,,,76,Iguacu,11,,,segredo nat.,segredo,SEGREDO,,,-25.79222222,-52.11638889,"-25.79222222,-52.11638889",UHE Segredo,UHE Segredo (Rio Iguaçu),0,0,0,,76,Segredo (Governador Ney Aminthas de Barros Braga),,SEGREDO,Iguaçu,Iguaçu,S,Iguacu,Mangueirinha-PR,Operação,Natural,Regredido,,,,,0,
77,SLT.SANTIAGO (77),S,SLT SANTIAGO,iguacu,77,,0.9233,,77,,19064,77,,,,,,iguacu,77,77,SLT SANTIAGO,salto santiago,76_73,73_76,,,77,Iguacu,11,,,slt santiago,salto santiago,SALTO SANTIAGO,,,-25.62777778,-52.60805556,"-25.62777778,-52.60805556",UHE Salto Santiago,UHE Salto Santiago (Rio Iguaçu),0,0,0,,77,Salto Santiago,SLT.SANTIAGO,SALTO SANTIAGO,Iguaçu,Iguaçu,S,Iguacu,SaudadedoIguacu-PR,Operação,Natural,Vazão obs.,,,,S,0.9233,
78,SALTO OSORIO (78),S,SALTO OSORIO,iguacu,78,,0.6307,,78,,19065,78,,,,,,iguacu,78,78,SALTO OSORIO,,77,77,,,78,Iguacu,11,,,salto osorio,salto osorio,SALTO OSORIO,,,-25.53694444,-53.00777778,"-25.53694444,-53.00777778",UHE Salto Osório,UHE Salto Osório (Rio Iguaçu),0,0,0,,78,Salto Osório,SALTO OSORIO,SALTO OSORIO,Iguaçu,Iguaçu,S,Iguacu,QuedasdoIguacu-PR,Operação,Natural,Regredido,,,,,0.6307,
,,,,,,,,,,,,,,,,,,,,,,,,,,,,,,,,,,,,,,,,,,,,,,80,São João - expansão,,(só aparece em VAZOES.DAT),Chopim,Iguaçu,S,Iguacu,HonorioSerpa-PR,Expansão,Natural,,,,,,,
81,BAIXO IGUACU (81),,,,,,,,,,,,,,,,,,,,,,,,,,81,Iguacu,,,,Baixo Iguacu,,,,,,,,,,,,,,81,Baixo Iguaçu - expansão,BAIXO IGUACU,(só aparece em VAZOES.DAT),Iguaçu,Iguaçu,S,Iguacu,CapitaoLeonidasMarques-PR,Expansão,Natural,,,,,,,
,,,,,,,,,,,,,,,,,,,,,,,,,,,,,,,,,,,,,,,,,,,,,,83,Cachoeirinha - expansão,,(só aparece em VAZOES.DAT),Chopim,Iguaçu,S,Iguacu,Clevelandia-PR,Expansão,Natural,,,,,,,
,,,,,,,,,,,,,,,,,,,,,,,,,,,,,,,,,,,,,,,,,,,,,,85,Pai-Querê - expansão,,(só aparece em VAZOES.DAT),Pelotas,Uruguai,S,Sul,BomJesus-RS,Expansão,Natural,,,,,,,
,,,,,,,,,,,,,,,,,,,,,,,,,,,,,,,,,,,,,,,,,,,,,,88,São Roque - expansão,,(só aparece em VAZOES.DAT),Canoas,Uruguai,S,Sul,SaoJosedoCerrito-SC,Expansão,Natural,,,,,,,
89,GARIBALDI (89),S,GARIBALDI,uruguai,89,,0.3848,89,89,19147,19147,89,,,,,,uruguai,89,89,GARIBALDI,garibaldi,,,,,89,Uruguai,2,,,garibaldi,garibaldi,GARIBALDI,,,-27.62472222,-50.98388889,"-27.62472222,-50.98388889",UHE Garibaldi,UHE Garibaldi (Rio Canoas),0,0,0,,89,Garibaldi,GARIBALDI,GARIBALDI,Canoas,Uruguai,S,Sul,AbdonBatista-SC,Expansão,Natural,Regredido,,,,,0.3848,
92,ITA (92),S,ITÁ,uruguai,92,,0.9186,92,92,19070,19070,92,,,,,,uruguai,92,92,ITÁ,,217,217,,,92,Uruguai,2,,,itá,itá,ITÁ,,,-27.28222222,-52.38555556,"-27.28222222,-52.38555556",UHE Itá,UHE Itá (Rio Uruguai),,0,0,,92,Itá,ITA,ITÁ,Uruguai,Uruguai,S,Sul,Ita-SC,Operação,Natural,Vazão obs.,,,,S,0.9186,
93,PASSO FUNDO (93),S,PASSO FUNDO ,uruguai,93,,2.2427,93,93,19071,19071,93,,,,,,uruguai,93,93,PASSO FUNDO ,passo fundo,,,,,93,Uruguai,2,,,passo fundo ,passo fundo,PASSO FUNDO,,,-27.55388889,-52.74083333,"-27.55388889,-52.74083333",UHE Passo Fundo,UHE Passo Fundo (Rio Passo Fundo),0,0,0,,93,Passo Fundo,PASSO FUNDO,PASSO FUNDO,Passo Fundo,Uruguai,S,Sul,PassoFundo-RS,Operação,Natural,Vazão obs.,,,,N,2.2427,
94,FOZ CHAPECO (94),S,FOZ CHAPECO,uruguai,94,,0.4589,94,94,19073,19073,94,,,,,,uruguai,94,94,FOZ CHAPECO,,217_93,92_220,,,94,Uruguai,2,,,foz do chapecó,foz chapeco,FOZ CHAPECO,,,-27.13972222,-53.04750000,"-27.13972222,-53.04750000",UHE Foz do Chapecó,UHE Foz do Chapecó (Rio Uruguai),0,0,0,,94,Foz do Chapecó,FOZ CHAPECO,FOZ CHAPECO,Uruguai,Uruguai,S,Sul,AguasdeChapeco-SC,Operação,Natural,Regredido,,,,,0.4589,
97,MONTE CLARO (97),S,MONTE CLARO,jacui,97,,0.3601,97,97,19082,19082,97,,,,,,jacui,97,97,MONTE CLARO,,,98,,,97,Jacui,2,,,monte claro,monte claro,MONTE CLARO,,,-29.02361111,-51.53222222,"-29.02361111,-51.53222222",UHE Monte Claro,UHE Monte Claro (Rio das Antas),0,0,0,,97,Monte Claro,MONTE CLARO,MONTE CLARO,Taquari-Antas,Jacuí,S,Sul,BentoGoncalves-RS,Operação,Natural,Regredido,,,,,0.3601,
98,CASTRO ALVES (98),S,CASTRO ALVES,jacui,98,,0.7585,98,98,19081,19081,98,,,,,,jacui,98,98,CASTRO ALVES,,,,,,98,Jacui,2,,,castro alves,castro alves,CASTRO ALVES,,,-29.00444444,-51.38416667,"-29.00444444,-51.38416667",UHE Castro Alves,UHE Castro Alves (Rio das Antas),0,0,0,,98,Castro Alves,CASTRO ALVES,CASTRO ALVES,Taquari-Antas,Jacuí,S,Sul,BentoGoncalves-RS,Operação,Natural,Vazão obs.,,,,N,0.7585,
99,ESPORA (99),SE,ESPORA,paranaiba,99,,0.3995,99,99,19033,19033,99,,,,,,paranaiba,99,99,ESPORA,espora,,,,,99,Paranaiba,10,,,espora,espora,ESPORA,,,-18.67805556,-51.86888889,"-18.67805556,-51.86888889",UHE Espora,UHE Espora (Rio Corrente),0,0,0,,99,Espora,ESPORA,ESPORA,Corrente,Paranaíba,SE,Parana,Serranopolis-GO,Operação,Natural,Vazão obs.,,,,N,0.3995,
,,,,,,,,,,,,,,,,,,,,,,,,,,,,,,,,,,,,,,,,,,,,,,100,Cubatão - expansão,,(só aparece em VAZOES.DAT),Cubatão,Itajaí-Açu,S,Sul,Joinville-SC,Expansão,Natural,,,,,,,
101,SALTO PILAO (101),S,SALTO PILAO,itajai-acu,101,,1.7836,101,101,19085,19085,101,,,,,,itajai,101,101,SALTO PILAO,,,,,,101,itajai-acu,2,,,salto pilao,salto pilao,SALTO PILAO,,,-27.13611111,-49.52027778,"-27.13611111,-49.52027778",UHE Salto Pilão,UHE Salto Pilão (Rio Itajaí),0,0,0,,101,Salto Pilão,SALTO PILAO,SALTO PILAO,Itajaí-Açu,Itajaí-Açu,S,Sul,Lontras-SC,Operação,Natural,Vazão obs.,,,,N,1.7836,
102,SAO JOSE (102),S,SÃO JOSÉ,uruguai,102,,0.1985,102,102,19075,19075,102,,,,,,uruguai,102,102,SÃO JOSÉ,,,,,,102,Uruguai,2,,,são josé,sao jose,SAO JOSE,,,-28.17694444,-54.81333333,"-28.17694444,-54.81333333",UHE São José,UHE São José (Rio Ijuí),0,0,0,,102,São José,SAO JOSE,SAO JOSE,Ijuí,Uruguai,S,Sul,CerroLargo-RS,Operação,Natural,Vazão obs.,,,,N,0.1985,
103,PASSO SAO JOAO (103),S,PASSO SÃO JOÃO,uruguai,103,,0.2629,103,103,19149,19149,103,,,,,,uruguai,103,103,PASSO SÃO JOÃO,,,102,,,103,Uruguai,2,,,passo sao joao,passo sao joao,PASSO SAO JOAO,,,-28.14083333,-55.05194444,"-28.14083333,-55.05194444",UHE Passo São João,UHE Passo São João (Rio Ijuí),0,0,0,,103,Passo São João,PASSO S JOAO,PASSO SAO JOAO,Ijuí,Uruguai,S,Sul,RoqueGonzales-RS,Operação,Natural,Regredido,,,,,0.2629,
104,,SE,TRAIÇÃO,alto tiete,104,,0.0,,,,,,104,,,,,tiete,104,,,,118_117,109_117,,,104,Tiete,1,,,traição,,,,,-23.59550000,-46.69433333,"-23.59550000,-46.69433333",UEL Traição,UEL Traição (Rio Pinheiros),0,0,1,,104,Traição - usina elevatória,,TRAIÇÃO,Pinheiros,Tietê,SE,Sudeste,RibeiraoPires-SP,Operação,Natural,Calculado,1,,vazoes(104) = vazoes(117) + vazoes(118),,,
109,,SE,PEDREIRA,alto tiete,109,,0.0,,,,,,109,,,,,tiete,109,,,,118,118,,,109,Tiete,1,,,pedreira,,,,,-23.70333333,-46.67388889,"-23.70333333,-46.67388889",UEL Pedreira,UEL Pedreira (Rio Pinheiros),0,0,1,,109,Pedreira - usina elevatória,,PEDREIRA,Pinheiros,Tietê,SE,Sudeste,SaoPaulo-SP,Operação,Natural,Calculado,1,,109 (t) = 118 (t),,,
110,ERNESTINA (110),S,ERNESTINA,jacui,110,,0.0,110,110,19076,19076,110,,,,,,jacui,110,110,ERNESTINA,ernestina,,,,,110,Jacui,2,,,ernestina,ernestina,ERNESTINA,,,-28.55333333,-52.54555556,"-28.55333333,-52.54555556",RES Ernestina,RES Ernestina (Rio Jacuí),0,0,0,,110,Ernestina,ERNESTINA,ERNESTINA,Jacuí,Jacuí,S,Sul,PassoFundo-RS,Operação,Natural,Regredido,,,,,0,
111,PASSO REAL (111),S,PASSO REAL  ,jacui,111,,0.3797,111,111,19077,19077,111,,,,,,jacui,111,111,PASSO REAL  ,passo real,110,110,,,111,Jacui,2,,,passo real  ,passo real,PASSO REAL,,,-29.01527778,-53.18722222,"-29.01527778,-53.18722222",UHE Passo Real,UHE Passo Real (Rio Jacuí),0,0,0,,111,Passo Real,PASSO REAL,PASSO REAL,Jacuí,Jacuí,S,Sul,SaltodoJacui-RS,Operação,Natural,Vazão obs.,,,,N,0.3797,
112,JACUI (112),S,JACUI       ,jacui,112,,0.8282,112,112,19078,19078,112,,,,,,jacui,112,112,JACUI       ,,111,111,,,112,Jacui,2,,,jacui       ,jacui,JACUI,,,-29.07916667,-53.22500000,"-29.07916667,-53.22500000",UHE Jacuí,UHE Jacuí (Rio Jacuí),0,0,0,,112,Jacuí,JACUI,JACUI,Jacuí,Jacuí,S,Sul,SaltodoJacui-RS,Operação,Natural,Regredido,,,,,0.8282,
113,ITAUBA (113),S,ITAUBA      ,jacui,113,,0.8259,113,113,19079,19079,113,,,,,,jacui,113,113,ITAUBA      ,,111,112,,,113,Jacui,2,,,itauba      ,itauba,ITAUBA,,,-29.25888889,-53.23611111,"-29.25888889,-53.23611111",UHE Itaúba,UHE Itaúba (Rio Jacuí),0,0,0,,113,Itaúba,ITAUBA,ITAUBA,Jacuí,Jacuí,S,Sul,PinhalGrande-RS,Operação,Natural,Regredido,,,,,0.8259,
114,D. FRANCISCA (114),S,D.FRANCISCA,jacui,114,,0.3432,114,114,19080,19080,114,,,,,,jacui,114,114,D.FRANCISCA,,111,113,,,114,Jacui,2,,,d.francisca,d. francisca,D. FRANCISCA,,,-29.44944444,-53.28333333,"-29.44944444,-53.28333333",UHE Dona Francisca,UHE Dona Francisca (Rio Jacuí),0,0,0,,114,Dona Francisca,D. FRANCISCA,D. FRANCISCA,Jacuí,Jacuí,S,Sul,NovaPalma-RS,Operação,Natural,Regredido,,,,,0.3432,
115,G.P. SOUZA (115),S,CAP.CACH.   ,capivari,115,,6.5259,115,115,19084,19084,115,,,,,,capivari,115,115,CAP.CACH.   ,g. p. souza,,,,,115,capivari,2,,,cap.cach.   ,g. p. souza,G. P. SOUZA,,,-25.13944444,-48.87388889,"-25.13944444,-48.87388889",UHE Capivari/Cachoeira,UHE Capivari/Cachoeira (Rio Capivari),0,0,0,,115,Governador Pedro Viriato Parigot de Souza (Capivari-Cachoeira),G.P. SOUZA,G. P. SOUZA,Capivari-Cachoeira,Capivari,S,Sul,Antonina-PR,Operação,Natural,Vazão obs.,,,,N,6.5259,
116,PEDRAS (116),SE,PEDRAS,alto tiete,116,,0.0,,,,,116,,,,,,tiete,116,,,,118,118,,,116,Tiete,1,,,pedras,henry borden,HENRY BORDEN,,,-23.875269,-46.452485,,,,0,0,1,,116,Henry Borden,,(só aparece em VAZOES.DAT),Rio das Pedras,Tietê,SE,Sudeste,RiachoGrande-SP,Operação,Natural,Regredido,,,116 (t) = 119 (t) - 118 (t),,,
117,GUARAPIRANGA (117),SE,GUARAPIRANGA,alto tiete,117,,0.0,117,117,19037,19037,117,,,,,,tiete,117,,,guarapiranga,,,,,117,Tiete,1,,,guarapiranga,guarapiranga,GUARAPIRANGA,,,-23.67238889,-46.72688889,"-23.67238889,-46.72688889",RES Guarapiranga,RES Guarapiranga (Rio Guarapiranga),0,0,0,,117,Guarapiranga - reservatório,GUARAPIRANGA,GUARAPIRANGA,Guarapiranga,Tietê,SE,Sudeste,RibeiraoPires-SP,Operação,Natural,Vazão obs.,,,,N,,
118,BILLINGS (118),SE,BILLINGS,alto tiete,118,,0.0,118,118,19036,19036,118,,,,,,tiete,118,,,billings,,,,,118,Tiete,1,,,billings,billings,BILLINGS,,,-23.81855556,-46.52377778,"-23.81855556,-46.52377778",RES Billings,RES Billings (Rio das Pedras),0,0,0,,118,Billings - reservatório,,(só aparece em VAZOES.DAT),Pinheiros,Tietê,SE,Sudeste,RibeiraoPires-SP,Operação,Natural,Regredido,,,,,,
119,BILLINGS+PEDRAS (119),SE,BILLINGS + PEDRAS,alto tiete,119,,0.0,,,,,119,119,,,,,tiete,119,,,,,,,,119,Tiete,1,,,billings + pedras,,,,,,,,,,0,0,0,,119,Billings+Pedras - reservatório,,BILLINGS,Pinheiros-Pedras,Tietê,SE,Sudeste,RiachoGrande-SP,Operação,Natural,Vazão obs.,1,,"119 = (vaz(118) – 0,185) / 0,8103",N,,
120,JAGUARI (120),SE,JAGUARI,paraiba do sul,120,,0.5046,120,120,19092,19092,120,,,,,,paraiba do sul,120,120,JAGUARI,jaguari,,,,,120,ParaibaSul,1,,,jaguari,jaguari,JAGUARI,,,-23.19250000,-46.02138889,"-23.19250000,-46.02138889",UHE Jaguari,UHE Jaguari (Rio Jaguari),0,0,0,,120,Jaguari,JAGUARI,JAGUARI,Jaguari,Paraíba do Sul,SE,Sudeste,Jacarei-SP,Operação,Natural,Vazão obs.,,,,N,0.5046,
121,PARAIBUNA (121),SE,PARAIBUNA,paraiba do sul,121,,0.7003,121,121,19090,19090,121,,,,,,paraiba do sul,121,121,PARAIBUNA,paraibuna,,,,,121,ParaibaSul,1,,,paraibuna,paraibuna,PARAIBUNA,,,-23.41000000,-45.60055556,"-23.41000000,-45.60055556",UHE Paraibuna,UHE Paraibuna (Rio Paraíba do Sul),0,0,0,,121,Paraibuna,PARAIBUNA,PARAIBUNA,Paraibuna-Paraitinga,Paraíba do Sul,SE,Sudeste,Paraibuna-SP,Operação,Natural,Vazão obs.,,,,N,0.7003,
122,SANTA BRANCA (122),SE,SANTA BRANCA,paraiba do sul,122,,0.3524,122,122,19091,19091,122,,,,,,paraiba do sul,122,122,SANTA BRANCA,santa branca,121,121,,,122,ParaibaSul,1,,,santa branca,santa branca,SANTA BRANCA,,,-23.37416667,-45.87000000,"-23.37416667,-45.87000000",UHE Santa Branca,UHE Santa Branca (Rio Paraíba do Sul),0,0,0,,122,Santa Branca,SANTA BRANCA,SANTA BRANCA,Paraíba do Sul,Paraíba do Sul,SE,Sudeste,SantaBranca-SP,Operação,Natural,Regredido,,,,,0.3524,
123,FUNIL (123),SE,FUNIL,paraiba do sul,123,,0.5327,123,123,19093,19093,123,,,,,,paraiba do sul,123,123,FUNIL,funil,122_120,122_120,,,123,ParaibaSul,1,,,funil,funil,FUNIL,,,-22.52861111,-44.56694444,"-22.52861111,-44.56694444",UHE Funil,UHE Funil (Rio Paraíba do Sul),0,0,0,,123,Funil,FUNIL,FUNIL,Paraíba do Sul,Paraíba do Sul,SE,Sudeste,DoresdeGuanhaes-MG,Operação,Natural,Regredido,,,,,0.5327,
125,STA CECILIA (125),SE,STA. CECILIA,paraiba do sul,125,,0.0,125,125,19094,19094,125,,,,,,paraiba do sul,125,,,,123,123,,,125,ParaibaSul,1,,,sta. cecilia,,SANTA CECILIA,,,-22.48222222,-43.83888889,"-22.48222222,-43.83888889",UEL Santa Cecília,UEL Santa Cecília (Rio Paraíba do Sul),0,0,0,,125,Santa Cecília - usina elevatória,,SANTA CECILIA,Paraíba do Sul,Paraíba do Sul,SE,Sudeste,BarradoPirai-RJ,Operação,Natural,Vazão obs.,,,,N,,
,,SE,SIMPLÍCIO ART.,,,,0.9275,,,,,,,,,,,,,126,SIMPLÍCIO ART.,,,,,,126,,,,,,,,,,-21.92138889,-42.78972222,"-21.92138889,-42.78972222",UHE Simplício,UHE Simplício (Rio Paraíba do Sul),,1,0,,126,Simplício,SIMPLICIO,SIMPLICIO,Paraíba do Sul,Paraíba do Sul,SE,Sudeste,AlemParaiba-MG,Expansão,Artificial,,,,"if vazoes(127) <= 430; vazoes(126) = max(0, vazoes(127)-90); else vazoes(126) = 340; end
vazoes(131) = min(vazoes(315), 144)",,,
,,,ANTA ART.,,,,,,,,,,,,,,,,,,,,,,,,127,,,,,,,,,,,,,,,0,1,0,,127,Anta - artificial,,(só aparece em VAZOES.DAT),Paraíba do Sul,Paraíba do Sul,SE,Sudeste,Chiador-MG,Expansão,Artificial,,,,vazoes(127) = vazoes(129) - vazoes(298) - vazoes(203) + vazoes(304),,,
129,ANTA (129),SE,ANTA NAT.,paraiba do sul,129,,0.0,129,129,19140,19140,129,,,,,,paraiba do sul,129,,,,,,,,129,ParaibaSul,1,,,anta nat.,anta,ANTA,,,-22.035205,-43.001422,,,,,0,0,,129,Anta,,ANTA,Paraíba do Sul,Paraíba do Sul,SE,Sudeste,Chiador-MG,Expansão,Natural,Regredido,,,,,,
130,ILHA POMBOS (130),SE,ILHA POMBOS NAT.,paraiba do sul,130,,0.0,130,130,19097,19097,130,,,,,,paraiba do sul,130,,,,,,,,130,ParaibaSul,1,,,ilha pombos nat.,ilha pombos,ILHA POMBOS,,,-21.84472222,-42.57916667,"-21.84472222,-42.57916667",UHE Ilha dos Pombos,UHE Ilha dos Pombos (Rio Paraíba do Sul),0,0,0,,130,Ilha dos Pombos,,ILHA POMBOS,Paraíba do Sul,Paraíba do Sul,SE,Sudeste,Carmo-RJ,Operação,Natural,Vazão obs.,,,,N,,
131,,SE,NILO PEÇANHA,,,,2.6330,,,,,,,,,,,,,131,NILO PEÇANHA,,,,,,131,,,,,,,,,,,,,,,,1,0,,131,Nilo Peçanha - artificial,NILO PECANHA,NILO PEÇANHA,Pirai,Paraíba do Sul,SE,Sudeste,Pirai-RJ,Operação,Artificial,,,,"vazoes(131) = min(vazoes(315), 144)", 144 m³/s),,2633
132,,,LAJES ART.,,,,,,,,,,,,,,,,,,,,,,,,132,,,,,,,,,,,,,,,,1,0,,132,Lajes - artificial,LAJES,(só aparece em VAZOES.DAT),Ribeirão das Lajes,Paraíba do Sul,SE,Sudeste,Pirai-RJ,Operação,Artificial,,,,"132 = vaz(202) + min(vaz(201),25) ", 25 m³/s) ,,
134,SALTO GRANDE (134),SE,SALTO GRANDE,doce,134,,0.7829,134,134,19107,19107,134,,,,,,doce,134,134,SALTO GRANDE,,,,,,134,Doce,1,,,salto grande,salto grande cm,SALTO GRANDE CM,,,-19.11555556,-42.72000000,"-19.11555556,-42.72000000",UHE Salto Grande MG,UHE Salto Grande MG (Rio Santo Antônio),0,0,0,,134,Salto Grande,SALTO GRANDE,SALTO GRANDE CM,Doce,Doce,SE,Sudeste,ConceicaodoMatoDentro-MG,Operação,Natural,Vazão obs.,,,,N,0.7829,
,,,,,,,,,,,,,,,,,,,,,,,,,,,,,,,,,,,,,,,,,,,,,,135,Barra do Braúna,,(só aparece em VAZOES.DAT),Pomba,Paraíba do Sul,SE,Sudeste,Laranjal-MG,Operação,Natural,,,,,,,
141,BAGUARI (141),SE,BAGUARI,doce,141,,0.1623,141,141,19110,19110,141,,,,,,doce,141,141,BAGUARI,,263,149_263_183,,,141,Doce,1,,,baguari,baguari,BAGUARI,,,-19.02916667,-42.12972222,"-19.02916667,-42.12972222",UHE Baguari,UHE Baguari (Rio Doce),0,0,0,,141,Baguari,BAGUARI,BAGUARI,Doce,Doce,SE,Sudeste,GovernadorValadares-MG,Operação,Natural,Regredido,,,,,0.1623,
144,MASCARENHAS (144),SE,MASCARENHAS,doce,144,,0.1808,144,144,19112,19112,144,,,,,,doce,144,144,MASCARENHAS,,263,141,,,144,Doce,1,,,mascarenhas,mascarenhas,MASCARENHAS,,,-19.50000000,-40.92000000,"-19.50000000,-40.92000000",UHE Mascarenhas,UHE Mascarenhas (Rio Doce),0,0,0,,144,Mascarenhas,MASCARENHAS,MASCARENHAS,Doce,Doce,SE,Sudeste,BaixoGuandu-ES,Operação,Natural,Vazão obs.,,,,N,0.1808,
145,RONDON II (145),SE,RONDON II,amazonas,145,,0.5368,145,145,19138,19138,145,,,,,,amazonas,145,145,RONDON II,rondon ii,,,,,145,amazon,6,,,rondon 2,rondon ii,RONDON II,,,-11.9972222,-60.69722222,"-11.99722222,-60.69722222",UHE Rondon II,UHE Rondon II (Rio Comemoração),0,0,0,,145,Rondon 2,RONDON II,RONDON II,Comemoração,Amazonas,SE,Madeira,SaoMigueldoGuapore-RO,Operação,Natural,Vazão obs.,,,,N,0.5368,
148,AIMORES (148),SE,AIMORÉS,doce,148,,0.2471,148,148,19111,19111,148,,,,,,doce,148,148,AIMORÉS,,145,145,,,148,Doce,1,,,aimorés,aimores,AIMORES,,,-19.45333333,-41.09666667,"-19.45333333,-41.09666667",UHE Aimorés,UHE Aimorés (Rio Doce),0,0,0,,148,Aimorés,AIMORES,AIMORES,Doce,Doce,SE,Sudeste,Aimores-MG,Operação,Natural,Regredido,,,,,0.2471,
149,CANDONGA (149),SE,CANDONGA,doce,149,,0.4664,149,149,19109,19109,149,,,,,,doce,149,149,CANDONGA,,,,,,149,Doce,1,,,candonga,candonga,CANDONGA,,,-20.20694444,-42.85527778,"-20.20694444,-42.85527778",UHE Candonga,UHE Candonga (Rio Doce),0,0,0,,149,Candonga (Risoleta Neves),CANDONGA,CANDONGA,Doce,Doce,SE,Sudeste,SantaCruzdoEscalvado-MG,Operação,Natural,Vazão obs.,,,,N,0.4664,
154,SAO DOMINGOS (154),SE,SAO DOMINGOS,alto parana,154,,0.3055,,154,19157,19157,,,,,,,parana,,,,,,,,,154,Parana,,,,sao domingos,sao domingos,SAO DOMINGOS,,,-20.08361111,-53.17472222,"-20.08361111,-53.17472222",UHE São Domingos,UHE São Domingos (Rio Verde (MS)),,0,0,,154,São Domingos,,SAO DOMINGOS,Verde,Paraná,SE,Sudeste,AguaClara-MS,Expansão,Natural,,,1,,,0.3055,
155,RETIRO BAIXO (155),SE,RETIRO BAIXO,sao francisco,155,,0.3261,155,155,19118,19118,155,,,,,,sao francisco,155,155,RETIRO BAIXO,retiro baixo,,,,,155,SFrancisco,1,,,retiro baixo,retiro baixo,RETIRO BAIXO,,,-18.89444444,-44.78166667,"-18.89444444,-44.78166667",UHE Retiro Baixo,UHE Retiro Baixo (Rio Paraopeba),0,0,0,,155,Retiro Baixo,RETIRO BAIXO,RETIRO BAIXO,Paraopeba,São Francisco,SE,Sudeste,TresMarias-MG,Operação,Natural,Regredido,,,,,0.3261,
156,TRES MARIAS (156),SE,TRES MARIAS,sao francisco,156,,0.4301,156,156,19119,19119,156,,,,,,sao francisco,156,156,TRES MARIAS,três marias,155,155,,,156,SFrancisco,1,,,tres marias,três marias,TRÊS MARIAS,,,-18.21750000,-45.26194444,"-18.21750000,-45.26194444",UHE Três Marias,UHE Três Marias (Rio São Francisco),0,0,0,,156,Três Marias,TRES MARIAS,TRÊS MARIAS,São Francisco,São Francisco,SE,Sudeste,TresMarias-MG,Operação,Natural,Vazão obs.,,,,S,0.4301,
158,QUEIMADO (158),SE,QUEIMADO,sao francisco,158,,1.6039,158,158,19120,19120,158,,,,,,sao francisco,158,158,QUEIMADO,queimado,,,,,158,SFrancisco,1,,,queimado,queimado,QUEIMADO,,,-16.21138889,-47.32527778,"-16.21138889,-47.32527778",UHE Queimado,UHE Queimado (Rio Preto),0,0,0,,158,Queimado,QUEIMADO,QUEIMADO,Preto,São Francisco,SE,Sudeste,Unai-MG,Operação,Natural,Vazão obs.,,,,N,1.6039,
160,ALTO TIETÊ (160),SE,PONTE NOVA,alto tiete,160,,0.0,160,160,19038,19038,160,,,,,,tiete,160,,,ponte nova,,,,,160,Tiete,1,,,ponte nova,ponte nova,PONTE NOVA,,,-23.58083333,-45.97111111,"-23.58083333,-45.97111111",RES Ponte Nova,RES Ponte Nova (Rio Tietê),0,0,0,,160,Ponte Nova - reservatório Alto Tietê,,PONTE NOVA,Tietê,Tietê,SE,Sudeste,NovaPonte-MG,Operação,Natural,Vazão obs.,,,,N,,
161,EDGARD DE SOUZA+TRIBUT (161),SE,E. DE SOUZA,alto tiete,161,,0.0,161,161,19039,19039,161,,,,,,tiete,161,,,,160_118_117,160_104,,,161,Tiete,1,,,e. de souza,,EDGARD SOUZA,,,-23.45472222,-46.90944444,"-23.45472222,-46.90944444",RES Edgard de Souza,RES Edgard de Souza (Rio Tietê),0,0,0,,161,Edgard de Souza (com tributários),,EDGARD SOUZA,Tietê,Tietê,SE,Sudeste,SantanadeParnaiba-SP,Operação,Natural,Vazão obs.,,,,N,,
,,,,,,,,,,,,,,,,,,,,,,,,,,,,,,,,,,,,,,,,,,,,,,164,Edgard de Souza (sem tributários),,(só aparece em VAZOES.DAT),Tietê,Tietê,SE,Sudeste,SaoPaulo-SP,Operação,Natural,,,,164 = vaz(161) – vaz(117) – vaz(118),,,
166,,SE,,,166,,,,,,,,166,,,,,,,,,,,,,,,,,,,,,,,,,,,,,,1,0,jupia+dominguos_primavera+taquarucu+rosana+itaipu,166,Itaipu – somatório de vazões incrementais,,ITAIPU,Paraná,Paraná,SE,Itaipu,FozdoIguacu-PR,Operação,Artificial,Calculado,,,166 (t) = 66 (t),,,
168,SOBRADINHO INCREMENTAL (168),NE,INCR.3M/SBD ,sao francisco,168,,0.0,,,,,168,,,,,,sao francisco,168,,,,,,,,168,SFrancisco,3,,,incr.3m/sbd ,,,,,,,,,,0,0,0,,168,Sobradinho Incremental,,SOBRADINHO,São Francisco,São Francisco,NE,Nordeste,Juazeiro-BA,Operação,Natural,Vazão obs.,,,,S,0,
169,SOBRADINHO (169),NE,SOBRADINHO  ,sao francisco,169,,0.2414,,169,19121,19121,169,,,,,,sao francisco,169,169,SOBRADINHO  ,sobradinho,156_158,156_158,,,169,SFrancisco,3,,,sobradinho  ,sobradinho,SOBRADINHO,,,-9.42972222,-40.83000000,"-9.42972222,-40.83000000",UHE Sobradinho,UHE Sobradinho (Rio São Francisco),0,0,0,,169,Sobradinho,SOBRADINHO,(só aparece em VAZOES.DAT),São Francisco,São Francisco,NE,Nordeste,Juazeiro-BA,Operação,Natural,Calculado,,,,,241,
171,,NE,,sao francisco,171,,0.0,,,,,,,,,,,sao francisco,171,,,,,,,,,SFrancisco,3,,,itaparica incremental,,,,,,,,,,0,0,0,,171,Itaparica (Luiz Gonzaga) - Incremental,,,São Francisco,São Francisco,NE,Nordeste,Petrolandia-PE,Operação,Natural,Calculado,,,Vazoes(171) = 0,,,
172,ITAPARICA (172),NE,ITAPARICA,sao francisco,172,,0.4479,,,,,172,,,,,,sao francisco,172,172,ITAPARICA,itaparica,169,169,,,172,SFrancisco,3,,,itaparica,itaparica,ITAPARICA,,,-9.14083333,-38.31361111,"-9.14083333,-38.31361111",UHE Itaparica,UHE Itaparica (Rio São Francisco),0,0,0,,172,Itaparica (Luiz Gonzaga),ITAPARICA,ITAPARICA,São Francisco,São Francisco,NE,Nordeste,Petrolandia-PE,Operação,Natural,Calculado,,,vazoes(172) = vazoes(173),,,0.4479
173,MOXOTO (173),NE,,sao francisco,173,,0.0,173,173,19123,19123,173,,,,,,sao francisco,173,,,,172,172,,,,SFrancisco,3,,,moxotó,moxoto,MOXOTO,,,-9.35611111,-38.21027778,"-9.35611111,-38.21027778",UHE Moxotó,UHE Moxotó (Rio São Francisco),0,0,0,,173,Moxotó (Apolônio Sales),,MOXOTO,São Francisco,São Francisco,NE,Nordeste,PauloAfonso-BA,Operação,Natural,Calculado,,,173 (t) = 172 (t),,,
175,P.AFONSO (175),NE,,sao francisco,175,,0.0,,,,,175,,,,,,sao francisco,175,,,,172,173,,,,SFrancisco,3,,,paulo afonso,"p. afonso 1,2,3","P. AFONSO 1,2,3",,,-9.39583333,-38.20361111,"-9.39583333,-38.20361111",UHE Paulo Afonso 123,UHE Paulo Afonso 123 (Rio São Francisco),0,0,0,,175,Paulo Afonso,,"P. AFONSO 1,2,3",São Francisco,São Francisco,NE,Nordeste,PauloAfonso-BA,Operação,Natural,Calculado,,,vazoes(175) = vazoes(173),,,
176,,NE,COMPLEXO,sao francisco,176,,1.0201,,,,,176,,,,,,sao francisco,176,176,COMPLEXO,,172,173,,,176,SFrancisco,3,,,complexo,p. afonso 4,P. AFONSO 4,,,-9.427225,-38.205421,,,,0,0,0,,176,Complexo Paulo Afonso - Moxotó,COMP PAF-MOX,P. AFONSO 4,São Francisco,São Francisco,NE,Nordeste,PauloAfonso-BA,Operação,Natural,Calculado,,,176 (t) = 172 (t),,1.0201,
178,XINGO (178),NE,XINGÓ,sao francisco,178,,1.0846,178,178,19126,19126,178,,,,,,sao francisco,178,178,XINGÓ,,172,175_176,,,178,SFrancisco,3,,,xingó,xingo,XINGO,,,-9.61777778,-37.79694444,"-9.61777778,-37.79694444",UHE Xingó,UHE Xingó (Rio São Francisco),0,0,0,,178,Xingó,XINGO,XINGO,São Francisco,São Francisco,NE,Nordeste,Piranhas-AL,Operação,Natural,Calculado,,,,,1.0846,
183,A.DIAS+S.CAR (183),SE,A. DIAS + SÁ CARVALHO,doce,183,,0.9375,183,183,19106,19106,183,,,,,,doce,183,183,A. DIAS + SÁ CARVALHO,,,262,,,183,Doce,1,,,a. dias + sá carvalho,sa carvalho,SA CARVALHO,,,-19.64583333,-42.85000000,"-19.64583333,-42.85000000",UHE Sá Carvalho,UHE Sá Carvalho (Rio Piracicaba),0,0,0,,183,Antônio Dias + Sá Carvalho,SA CARVALHO,SA CARVALHO,Piracicaba-Severo,Doce,SE,Sudeste,AntonioDias-MG,Operação,Natural,Regredido,,,,,0.9375,
,,,,,,,,,,,,,,,,,,,,,,,,,,,,,,,,,,,,,,,,,,,,,,187,Couto Magalhães - expansão,,(só aparece em VAZOES.DAT),Araguaia,Tocantins,SE,Sudeste,AltoAraguaia-MT,Expansão,Natural,,,,,,,
188,ITAPEBI (188),NE,ITAPEBI,jequitinhonha,188,,0.7177,188,188,19116,19116,188,,,,,,jequitinhonha,188,188,ITAPEBI,,255,255,,,188,Jequitinhonha,3,,,itapebi,itapebi,ITAPEBI,,,-15.96972222,-39.59333333,"-15.96972222,-39.59333333",UHE Itapebi,UHE Itapebi (Rio Jequitinhonha),0,0,0,,188,Itapebi,ITAPEBI,ITAPEBI,Jequitinhonha,Jequitinhonha,NE,Nordeste,Itapebi-BA,Operação,Natural,Vazão obs.,,,,S,0.7177,
190,B. ESPERANCA (190),NE,B. ESPERANCA,parnaiba,190,,0.3717,190,190,19127,19127,190,,,,,,parnaiba,190,190,B. ESPERANCA,boa esperança,,,,,190,Parnaiba,3,,,b. esperanca,boa esperança,BOA ESPERANÇA,,,-6.75138889,-43.56750000,"-6.75138889,-43.56750000",UHE Boa Esperança,UHE Boa Esperança (Rio Parnaíba),0,0,0,,190,Boa Esperanca (Castelo Branco),B. ESPERANCA,BOA ESPERANÇA,Parnaíba,Parnaíba,NE,Nordeste,Guadalupe-PI,Operação,Natural,Vazão obs.,,,,N,0.3717,
191,CANA BRAVA (191),SE,CANA BRAVA,tocantins,191,,0.3990,191,191,19129,19129,191,,,,,,tocantins,191,191,CANA BRAVA,,270,270,,,191,Tocantins,1,,,cana brava,cana brava,CANA BRAVA,,,-13.40416667,-48.14250000,"-13.40416667,-48.14250000",UHE Cana Brava,UHE Cana Brava (Rio Tocantins),0,0,0,,191,Cana Brava,CANA BRAVA,CANA BRAVA,Tocantins,Tocantins,SE,Sudeste,Minacu-GO,Operação,Natural,Regredido,,,,,399,
196,ROSAL (196),SE,ROSAL,itabapoana,196,,1.6950,196,196,19113,19113,196,,,,,,itabapoana,196,196,ROSAL,,,,,,196,itabapoana,1,,,rosal,rosal,ROSAL,,,-20.9166666,-41.72166667,"-20.91666667,-41.72166667",UHE Rosal,UHE Rosal (Rio Itabapoana),0,0,0,,196,Rosal,ROSAL,ROSAL,Itabapoana,Itabapoana,SE,Sudeste,SaoJosedoCalcado-ES,Operação,Natural,Vazão obs.,,,,N,1695,
197,PICADA (197),SE,PICADA,paraiba do sul,197,,1.1054,197,197,19095,19095,197,,,,,,paraiba do sul,197,197,PICADA,,,,,,197,ParaibaSul,1,,,picada,picada,PICADA,,,-21.88416667,-43.54055556,"-21.88416667,-43.54055556",UHE Picada,UHE Picada (Rio do Peixe),0,0,0,,197,Picada,PICADA,PICADA,Peixe,Paraíba do Sul,SE,Sudeste,JuizdeFora-MG,Operação,Natural,Vazão obs.,,,,N,1.1054,
198,SOBRAGI (198),SE,SOBRAGI,paraiba do sul,198,,0.6252,198,198,19096,19096,198,,,,,,paraiba do sul,198,198,SOBRAGI,,,197,,,198,ParaibaSul,1,,,sobragi,sobragi,SOBRAGI,,,-21.98166667,-43.35055556,"-21.98166667,-43.35055556",UHE Sobragi,UHE Sobragi (Rio Paraibuna),0,0,0,,198,Sobragi,SOBRAGI,SOBRAGI,Paraibuna,Paraíba do Sul,SE,Sudeste,BelmiroBraga-MG,Operação,Natural,Regredido,,,,,0.6252,
,,,,,,,,,,,,,,,,,,,,,,,,,,,,,,,,,,,,,,,,,,,,,,199,Itaocara I - expansão,,(só aparece em VAZOES.DAT),Paraíba do Sul,Paraíba do Sul,SE,Sudeste,Aperibe-RJ,Expansão,Natural,,,,,,,
201,TOCOS (201),SE,TOCOS,paraiba do sul,201,,0.0,201,201,19098,19098,201,,,,,,paraiba do sul,201,,,tocos,,,,,201,ParaibaSul,1,,,tocos,tocos,TOCOS,,,-22.74930556,-44.12550000,"-22.74930556,-44.12550000",RES Tócos,RES Tócos (Rio Piraí),0,0,0,,201,Tocos - reservatório,,TOCOS,Piraí,Paraíba do Sul,SE,Sudeste,RioClaro-RJ,Operação,Natural,Vazão obs.,,,,N,,
202,LAJES (202),SE,LAJES NAT.,paraiba do sul,202,,0.0,202,202,19099,19099,202,,,,,,paraiba do sul,202,,,lajes,,,,,202,ParaibaSul,1,,,lajes nat.,lajes,LAJES,,,-22.70277778,-43.88166667,"-22.70277778,-43.88166667",RES Lajes,RES Lajes (Rio Ribeirão das Lajes),0,0,0,,202,Lajes,,LAJES,Ribeirão das Lajes,Paraíba do Sul,SE,Sudeste,Pirai-RJ,Operação,Natural,Regredido,,,,,,
203,SANTANA (203),SE,SANTANA NAT.,paraiba do sul,203,,0.0,,203,,19100,203,,,,,,paraiba do sul,203,,,santana,201_123,201_125,,,203,ParaibaSul,1,,,santana nat.,santana,SANTANA,,,-22.53222222,-43.81916667,"-22.53222222,-43.81916667",RES Santana,RES Santana (Rio Piraí),0,0,0,,203,Santana - reservatório,,SANTANA,Piraí,Paraíba do Sul,SE,Sudeste,Pirai-RJ,Operação,Natural,Regredido,,,,,,
204,CACHOEIRA CALDEIRAO (204),N,CACHOEIRA CALDEIRAO,araguari,204,,0.1405,,,,,204,,,,,,araguari,204,204,CACHOEIRA CALDEIRÃO,,,,,,204,amazon,9,,,cachoeira caldeirao,cachoeira caldeirao,CACHOEIRA CALDEIRAO,,,1.85055556,-51.28472222,"1.85055556,-51.28472222",UHE Cachoeira Caldeirão,UHE Cachoeira Caldeirão (Rio Araguari (AP)),0,0,0,,204,Cachoeira Caldeirão - expansão,CACH.CALDEIR,CACHOEIRA CALDEIRAO,Araguari,Araguari,N,Amazonas,FerreiraGomes-AP,Expansão,Natural,Regredido,,,,,0.1405,
205,CORUMBA IV (205),SE,CORUMBA IV,paranaiba,205,,0.6226,205,205,19022,19022,205,,,,,,paranaiba,205,205,CORUMBA IV,corumba-4,,,,,205,Paranaiba,10,,,corumba iv,corumba-4,CORUMBA-4,,,-16.32277778,-48.18750000,"-16.32277778,-48.18750000",UHE Corumbá IV,UHE Corumbá IV (Rio Corumbá),0,0,0,,205,Corumbá 4,CORUMBA IV,CORUMBA-4,Corumbá,Paranaíba,SE,Parana,SantoAntoniodoDescoberto-GO,Operação,Natural,Vazão obs.,,,,S,0.6226,
206,MIRANDA (206),SE,MIRANDA,paranaiba,206,,0.6143,206,206,19019,19019,206,,,,,,paranaiba,206,206,MIRANDA,miranda,25,25,,,206,Paranaiba,10,,,miranda,miranda,MIRANDA,,,-18.91166667,-48.03916667,"-18.91166667,-48.03916667",UHE Miranda,UHE Miranda (Rio Araguari),0,0,0,,206,Miranda,MIRANDA,MIRANDA,Araguari,Paranaíba,SE,Parana,Indianopolis-MG,Operação,Natural,Vazão obs.,,,,S,0.6143,
207,CAPIM BRANC1 (207),SE,CAPIM BRANCO 1,paranaiba,207,,0.5036,207,207,19020,19020,207,,,,,,paranaiba,207,207,CAPIM BRANCO 1,c.branco-1,206,206,,,207,Paranaiba,10,,,capim branco 1,c.branco-1,C.BRANCO-1,,,-18.78833333,-48.14611111,"-18.78833333,-48.14611111",UHE Capim Branco I,UHE Capim Branco I (Rio Araguari),0,0,0,,207,Capim Branco 1 (Amador Aguiar 1),CAPIM BRANC1,C.BRANCO-1,Araguari,Paranaíba,SE,Parana,Aimores-MG,Operação,Natural,Regredido,,,,,0.5036,
209,CORUMBA I (209),SE,CORUMBA I,paranaiba,209,,0.6106,209,209,19024,19024,209,,,,,,paranaiba,209,209,CORUMBA I,corumba,23,23,,,209,Paranaiba,10,,,corumba i,corumba,CORUMBA,,,-17.98694444,-48.53111111,"-17.98694444,-48.53111111",UHE Corumbá I,UHE Corumbá I (Rio Corumbá),0,0,0,,209,Corumbá 1,CORUMBA I,CORUMBA,Corumbá,Paranaíba,SE,Parana,CaldasNovas-GO,Operação,Natural,Vazão obs.,,,,S,0.6106,
211,FUNIL-GRANDE (211),SE,FUNIL-GRANDE,grande,211,,0.3457,211,211,19003,19003,211,,,,,,grande,211,211,FUNIL-GRANDE,,1,2,,,211,Grande,10,,,funil-grande,funil-mg,FUNIL-MG,,,-21.14250000,-45.03472222,"-21.14250000,-45.03472222",UHE Funil Grande,UHE Funil Grande (Rio Grande),0,0,0,,211,Funil-grande,FUNIL-GRANDE,FUNIL-MG,Grande,Grande,SE,Parana,Lavras-MG,Operação,Natural,Vazão obs.,,,,S,0.3457,
215,BARRA GRANDE (215),S,BARRA GRANDE,uruguai,215,,1.3896,215,215,19067,19067,215,,,,,,uruguai,215,215,BARRA GRANDE,barra grande,,,,,215,Uruguai,2,,,barra grande,barra grande,BARRA GRANDE,,,-27.77722222,-51.18861111,"-27.77722222,-51.18861111",UHE Barra Grande,UHE Barra Grande (Rio Pelotas),0,0,0,,215,Barra Grande,BARRA GRANDE,BARRA GRANDE,Pelotas,Uruguai,S,Sul,Esmeralda-RS,Operação,Natural,Vazão obs.,,,,S,1.3896,
216,CAMPOS NOVOS (216),S,CAMPOS NOVOS,uruguai,216,,1.6244,216,216,19068,19068,216,,,,,,uruguai,216,216,CAMPOS NOVOS,campos novos,89,89,,,216,Uruguai,2,,,campos novos,campos novos,CAMPOS NOVOS,,,-27.60305556,-51.32361111,"-27.60305556,-51.32361111",UHE Campos Novos,UHE Campos Novos (Rio Canoas),0,0,0,,216,Campos Novos,CAMPOS NOVOS,CAMPOS NOVOS,Canoas,Uruguai,S,Sul,CamposNovos-SC,Operação,Natural,Vazão obs.,,,,S,1.6244,
217,MACHADINHO (217),S,MACHADINHO,uruguai,217,,0.9187,217,217,19069,19069,217,,,,,,uruguai,217,217,MACHADINHO,machadinho,216_215,216_215,,,217,Uruguai,2,,,machadinho,machadinho,MACHADINHO,,,-27.52444444,-51.78888889,"-27.52444444,-51.78888889",UHE Machadinho,UHE Machadinho (Rio Uruguai),0,0,0,,217,Machadinho,MACHADINHO,MACHADINHO,Pelotas,Uruguai,S,Sul,MaximilianodeAlmeida-RS,Operação,Natural,Regredido,,,,,0.9187,
220,MONJOLINHO (220),S,MONJOLINHO,uruguai,220,,0.5555,220,220,19072,19072,220,,,,,,uruguai,220,220,MONJOLINHO,,93,93,,,220,Uruguai,2,,,monjolinho,monjolinho,MONJOLINHO,,,-27.34416667,-52.73111111,"-27.34416667,-52.73111111",UHE Monjolinho,UHE Monjolinho (Rio Passo Fundo),0,0,0,,220,Monjolinho (Alzir dos Santos Antunes),MONJOLINHO,MONJOLINHO,Passo Fundo,Uruguai,S,Sul,Faxinalzinho-RS,Operação,Natural,Vazão obs.,,,,N,0.5555,
222,SALTO CAXIAS (222),S,SALTO CAXIAS,iguacu,222,,0.5930,222,222,19066,19066,222,,,,,,iguacu,222,222,SALTO CAXIAS,,,,,,222,Iguacu,11,,,salto caxias,salto caxias,SALTO CAXIAS,,,-25.54083333,-53.49444444,"-25.54083333,-53.49444444",UHE Salto Caxias,UHE Salto Caxias (Rio Iguaçu),0,0,0,,222,Salto Caxias (Governador José Richa),SALTO CAXIAS,SALTO CAXIAS,Iguaçu,Iguaçu,S,Iguacu,CapitaoLeonidasMarques-PR,Operação,Natural,Regredido,,,,,593,
,,,,,,,,,,,,,,,,,,,,,,,,,,,,,,,,,,,,,,,,,,,,,,225,Salto Apiacás,,,Apiacás,Amazonas,SE,TelesPires,NovaMonteVerde-MT,Expansão,Natural,,,,,,,
227,SINOP (227),SE,SINOP,,227,,,,,,,,,,,,,,,,,,,,,,227,amazon,,,,,,,,,,,,,,,0,0,,227,Sinop,SINOP,,Teles Pires,Amazonas,SE,TelesPires,Itauba-MT,Expansão,Natural,,,,,,0,
228,COLIDER (228),SE,COLIDER,teles pires,228,,0.0,,,,,,,,,,,amazonas,228,228,COLIDER,,,227,,,228,amazon,7,,,colider,colider,COLIDER,,,-10.97555556,-55.76333333,"-10.97555556,-55.76333333",UHE Colíder,UHE Colíder (Rio Teles Pires),0,0,0,,228,Colider,COLIDER,COLIDER,Teles Pires,Amazonas,SE,TelesPires,Itauba-MT,Expansão,Natural,Regredido,,1,0,,0,
229,TELES PIRES (229),SE,TELES PIRES,teles pires,229,,0.4940,,,,,229,,,,,,amazonas,229,229,TELES PIRES,,,,,,229,amazon,7,,,teles pires,teles pires,TELES PIRES,,,-9.34000000,-56.77722222,"-9.34000000,-56.77722222",UHE Teles Pires,UHE Teles Pires (Rio Teles Pires),0,0,0,,229,Teles Pires,TELES PIRES,TELES PIRES,Teles Pires,Amazonas,SE,TelesPires,Paranaita-MT,Expansão,Natural,Vazão obs.,,,,N,494,
230,SAO MANOEL (230),SE,SÃO MANOEL,teles pires,230,,0.2179,,,,,,,,,,,amazonas,230,230,SÃO MANOEL,,,229,,,230,amazon,7,,,sao manoel,sao manoel,SAO MANOEL,,,-9665,-56.476944,,,,0,0,0,,230,São Manoel,SAO MANOEL,SAO MANOEL,Teles Pires,Amazonas,SE,TelesPires,Paranaita-MT,Expansão,Natural,Regredido,,1,Vazoes(229),,0.2179,
237,BARRA BONITA (237),SE,BARRA BONITA NAT.,tiete,237,,0.0,237,237,19040,19040,237,,,,,,tiete,237,,,b. bonita,115,115,,,237,Tiete,10,,,barra bonita nat.,b. bonita,B. BONITA,,,-22.51944444,-48.53416667,"-22.51944444,-48.53416667",UHE Barra Bonita,UHE Barra Bonita (Rio Tietê),0,0,0,,237,Barra Bonita,,B. BONITA,Tietê,Tietê,SE,Parana,BarraBonita-SP,Operação,Natural,Vazão obs.,,,,N,0.1723,
238,A.S. LIMA (238),SE,BARIRI NAT.,tiete,238,,0.0,238,238,19041,19041,238,,,,,,tiete,238,,,,237,237,,,238,Tiete,10,,,bariri nat.,bariri,BARIRI,,,-22.15388889,-48.75388889,"-22.15388889,-48.75388889",UHE Bariri,UHE Bariri (Rio Tietê),0,0,0,,238,Álvaro de Souza Lima (Bariri),,BARIRI,Tietê,Tietê,SE,Parana,Bariri-SP,Operação,Natural,Regredido,,,,,0.1881,
239,IBITINGA (239),SE,IBITINGA NAT.,tiete,239,,0.0,239,239,19042,19042,239,,,,,,tiete,239,,,,237,238,,,239,Tiete,10,,,ibitinga nat.,ibitinga,IBITINGA,,,-21.75775000,-48.99183333,"-21.75775000,-48.99183333",UHE Ibitinga,UHE Ibitinga (Rio Tietê),0,0,0,,239,Ibitinga,,IBITINGA,Tietê,Tietê,SE,Parana,Ibitinga-SP,Operação,Natural,Vazão obs.,,,,,0.1872,
240,PROMISSAO (240),SE,PROMISSAO NAT.,tiete,240,,0.0,240,240,19043,19043,240,,,,,,tiete,240,,,promissão,237,239,,,240,Tiete,10,,,promissao nat.,promissão,PROMISSÃO,,,-21.29680556,-49.78341667,"-21.29680556,-49.78341667",UHE Promissão,UHE Promissão (Rio Tietê),0,0,0,,240,Promissão (Mário Lopes Leão),,PROMISSÃO,Tietê,Tietê,SE,Parana,Promissao-SP,Operação,Natural,Vazão obs.,,,,N,0.2059,
241,SLT VERDINHO (241),SE,SLT VERDINHO,paranaiba,241,,0.3657,241,241,19032,19032,241,,,,,,paranaiba,241,241,SLT VERDINHO,,,294,,,241,Paranaiba,10,,,slt verdinho,s.r.verdinho,S.R.VERDINHO,,,-19.14555556,-50.76722222,"-19.14555556,-50.76722222",UHE Salto Rio Verdinho,UHE Salto Rio Verdinho (Rio Verde),0,0,0,,241,Salto do Rio Verdinho,SLT VERDINHO,S.R.VERDINHO,Verde,Paranaíba,SE,Parana,Cacu-GO,Operação,Natural,Regredido,,,,,0.3657,
242,NAVANHANDAVA (242),SE,N.AVANHANDAVA NAT.,tiete,242,,0.0,242,242,19044,19044,242,,,,,,tiete,242,,,,240,240,,,242,Tiete,10,,,n.avanhandava nat.,n. avanhandava,N. AVANHANDAVA,,,-21.11694444,-50.20175000,"-21.11694444,-50.20175000",UHE Nova Avanhandava,UHE Nova Avanhandava (Rio Tietê),0,0,0,,242,Nova Avanhandava,,N. AVANHANDAVA,Tietê,Tietê,SE,Parana,Buritama-SP,Operação,Natural,Vazão obs.,,,,,0.2601,
243,TRES IRMAOS (243),SE,TRES IRMAOS NAT.,tiete,243,,0.0,243,243,19045,19045,243,,,,,,tiete,243,,,três irmãos,240,242,,,243,Tiete,10,,,tres irmaos nat.,três irmãos,TRÊS IRMÃOS,,,-20.66861111,-51.29694444,"-20.66861111,-51.29694444",UHE Três Irmãos,UHE Três Irmãos (Rio Tietê),0,0,0,,243,Três Irmãos,,TRÊS IRMÃOS,Tietê,Tietê,SE,Paraná,PereiraBarreto-SP,Operação,Natural,Vazão obs.,,,,N,0.3997,
244,,SE,,alto parana,244,,0.0,,,,,,244,,,,,parana,244,,,,,,,,,Parana,10,,,ilha solteira equivalente,,,,,,,,,,0,0,1,,244,Ilha Solteira Equivalente,,(só aparece em VAZOES.DAT),Tietê-Paraná,Paraná,SE,Parana,IlhaSolteira-SP,Operação,Natural,Calculado,,,244 (t) = 034 (t) + 243 (t),,,
245,JUPIA (245),SE,JUPIA NAT.,alto parana,245,,0.0,245,245,19046,19046,245,,,,,,parana,245,,,,243_34,243_34,,,245,Parana,10,,,jupia nat.,jupia,JUPIA,,,-20.77694444,-51.63305556,"-20.77694444,-51.63305556",UHE Jupiá,UHE Jupiá (Rio Paraná),1,0,0,,245,Jupiá (Engenheiro Souza Dias),,JUPIA,Paraná,Paraná,SE,Parana,TresLagoas-MS,Operação,Natural,Vazão obs.,,,,N,0.19,
246,P. PRIMAVERA (246),SE,P.PRIMAVERA NAT.,baixo parana,246,,0.0,246,246,19047,19047,246,,,,,,parana,246,,,,243_34,245,,,246,Parana,10,,,p.primavera nat.,porto primavera,PORTO PRIMAVERA,,,-22.47472222,-52.95222222,"-22.47472222,-52.95222222",UHE Porto Primavera,UHE Porto Primavera (Rio Paraná),1,0,0,,246,Porto Primavera (Engenheiro Sérgio Motta),,PORTO PRIMAVERA,Paraná,Paraná,SE,Parana,Rosana-SP,Operação,Natural,Vazão obs.,,,,N,0.1698,
247,CACU (247),SE,CACU,paranaiba,247,,0.2452,247,247,19028,19028,247,,,,,,paranaiba,247,247,CACU,cacu,,,,,247,Paranaiba,10,,,cacu,cacu,CACU,,,-18.53222222,-51.14944444,"-18.53222222,-51.14944444",UHE Caçu,UHE Caçu (Rio Claro),0,0,0,,247,Caçu,CACU,CACU,Claro,Paranaíba,SE,Parana,Cacu-GO,Operação,Natural,Vazão obs.,,,,N,0.2452,
248,B. COQUEIROS (248),SE,B. COQUEIROS,paranaiba,248,,0.3347,248,248,19029,19029,248,,,,,,paranaiba,248,248,B. COQUEIROS,,247,247,,,248,Paranaiba,10,,,b. coqueiros,b.coqueiros,B.COQUEIROS,,,-18.72111111,-51.00444444,"-18.72111111,-51.00444444",UHE Barra dos Coqueiros,UHE Barra dos Coqueiros (Rio Claro),0,0,0,,248,Barra dos Coqueiros,B. COQUEIROS,B.COQUEIROS,Claro,Paranaíba,SE,Parana,CachoeiraAlta-GO,Operação,Natural,Regredido,,,,,0.3347,
249,OURINHOS (249),SE,OURINHOS,paranapanema,249,,0.0944,249,249,19051,19051,249,,,,,,paranapanema,249,249,OURINHOS,,49,49,,,249,Paranapanema,12,,,ourinhos,ourinhos,OURINHOS,,,-23.06777778,-49.83750000,"-23.06777778,-49.83750000",UHE Ourinhos,UHE Ourinhos (Rio Paranapanema),0,0,0,,249,Ourinhos,OURINHOS,OURINHOS,Paranapanema,Paranapanema,SE,Paranapanema,Ourinhos-SP,Operação,Natural,Regredido,,,,,0.0944,
251,SA FACAO (251),SE,SERRA FACAO,paranaiba,251,,0.6429,251,251,19016,19016,251,,,,,,paranaiba,251,251,SERRA FACAO,s.do facão,22,22,,,251,Paranaiba,10,,,serra do facão,s.do facão,S.DO FACÃO,,,-18.04555556,-47.67555556,"-18.04555556,-47.67555556",UHE Serra do Facão,UHE Serra do Facão (Rio São Marcos),0,0,0,,251,Serra do Facão,SERRA FACAO,S.DO FACÃO,São Marcos,Paranaíba,SE,Parana,Catalao-GO,Operação,Natural,Regredido,,,,,0.6429,
252,,SE,ITIQUIRA II,paraguai,252,,1.2441,,,,,,,,,,,paraguai,252,252,ITIQUIRA II,,,259,,,252,Paraguai,1,,,itiquira ii,itiquira ii,ITIQUIRA II,,,-17.08166667,-54.90250000,"-17.08166667,-54.90250000",UHE Itiquira II,UHE Itiquira II (Rio Itiquira),0,0,0,,252,Itiquira 2,ITIQUIRA II,ITIQUIRA II,Itiquira,Paraguai,SE,Sudeste,Itiquira-MT,Expansão,Natural,Regredido,,1,vazoes(252) = vazoes(259),,,1.2441
253,SAO SALVADOR (253),SE,SÃO SALVADOR,tocantins,253,,0.2117,253,253,19130,19130,253,,,,,,tocantins,253,253,SÃO SALVADOR,,270,191,,,253,Tocantins,1,,,são salvador,sao salvador,SAO SALVADOR,,,-12.83472222,-48.22472222,"-12.83472222,-48.22472222",UHE São Salvador,UHE São Salvador (Rio Tocantins),0,0,0,,253,São Salvador,SAO SALVADOR,SAO SALVADOR,Tocantins,Tocantins,SE,Sudeste,SaoSalvadordoTocantins-TO,Operação,Natural,Regredido,,,,,0.2117,
254,P. CAVALO (254),NE,PEDRA DO CAVALO,paraguacu,254,,0.9235,254,254,19117,19117,254,,,,,,paraguacu,254,254,PEDRA DO CAVALO,pedra do cavalo,,,,,254,Paraguacu,3,,,pedra do cavalo,pedra do cavalo,PEDRA DO CAVALO,,,-12.5825000,-39.00194444,"-12.58250000,-39.00194444",UHE Pedra do Cavalo,UHE Pedra do Cavalo (Rio Paraguaçu),0,0,0,,254,Pedra do Cavalo,P. CAVALO,PEDRA DO CAVALO,Paraguaçu,Paraguaçu,NE,Nordeste,GovernadorMangabeira-BA,Operação,Natural,Vazão obs.,,,,N,0.9235,
255,IRAPE (255),SE,IRAPÉ,jequitinhonha,255,,1.4926,255,255,19115,19115,255,,,,,,jequitinhonha,255,255,IRAPÉ,irape,,,,,255,Jequitinhonha,1,,,irapé,irape,IRAPE,,,-16.73583333,-42.57555556,"-16.73583333,-42.57555556",UHE Irapé,UHE Irapé (Rio Jequitinhonha),0,0,0,,255,Irapé,IRAPE,IRAPE,Jequitinhonha,Jequitinhonha,SE,Sudeste,Cristalia-MG,Operação,Natural,Vazão obs.,,,,N,1.4926,
257,PEIXE ANGIC (257),SE,PEIXE ANGICAL,tocantins,257,,0.2414,257,257,19131,19131,257,,,,,,tocantins,257,257,PEIXE ANGICAL,peixe angical,270,253,,,257,Tocantins,1,,,peixe angical,peixe angical,PEIXE ANGICAL,,,-12.23750000,-48.38305556,"-12.23750000,-48.38305556",UHE Peixe Angical,UHE Peixe Angical (Rio Tocantins),0,0,0,,257,Peixe Angical,PEIXE ANGIC,PEIXE ANGICAL,Tocantins,Tocantins,SE,Sudeste,SaoSalvadordoTocantins-TO,Operação,Natural,Vazão obs.,,,,N,0.2414,
,,,,,,,,,,,,,,,,,,,,,,,,,,,,,,,,,,,,,,,,,,,,,,258,Murta,,(só aparece em VAZOES.DAT),Jequitinhonha,Jequitinhonha,SE,Sudeste,CoronelMurta-MG,Expansão,Natural,,,,,,,
259,ITIQUIRA I (259),SE,ITIQUIRA I,paraguai,259,,0.7642,259,259,19087,19087,259,,,,,,paraguai,259,259,ITIQUIRA I,,,,,,259,Paraguai,1,,,itiquira i,itiquira i,ITIQUIRA I,,,-17.08361111,-54.87555556,"-17.08361111,-54.87555556",UHE Itiquira I,UHE Itiquira I (Rio Itiquira),0,0,0,,259,Itiquira 1,ITIQUIRA I,ITIQUIRA I,Itiquira,Paraguai,SE,Sudeste,Itiquira-MT,Operação,Natural,Vazão obs.,,,,N,0.7642,
261,FOZ DO RIO CLARO (261),SE,FOZ DO RIO CLARO,paranaiba,261,,0.2480,261,261,19030,19030,261,,,,,,paranaiba,261,261,FOZ DO RIO CLARO,,247,248,,,261,Paranaiba,10,,,foz do rio claro,foz do rio claro,FOZ DO RIO CLARO,,,-19.11916667,-50.64305556,"-19.11916667,-50.64305556",UHE Foz do Rio Claro,UHE Foz do Rio Claro (Rio Claro),0,0,0,,261,Foz do Rio Claro (Engenheiro José Luiz Muller de Godoy Pereira),FOZ R. CLARO,FOZ DO RIO CLARO,Claro,Paranaíba,SE,Parana,SaoSimao-GO,Operação,Natural,Regredido,,,,,248,
262,GUILMAN-AMOR (262),SE,GUILMAN,doce,262,,1.0242,262,262,19105,19105,262,,,,,,doce,262,262,GUILMAN,,,,,,262,Doce,1,,,guilman,guilm. amorim,GUILM. AMORIM,,,-19.70750000,-42.96111111,"-19.70750000,-42.96111111",UHE Guilman Amorim,UHE Guilman Amorim (Rio Piracicaba),0,0,0,,262,Guilman-Amorim,GUILMAN-AMOR,GUILM. AMORIM,Piracicaba,Doce,SE,Sudeste,AntonioDias-MG,Operação,Natural,Regredido,,,,,1.0242,
263,P. ESTRELA (263),SE,PORTO ESTRELA,doce,263,,0.4242,263,263,19108,19108,263,,,,,,doce,263,263,PORTO ESTRELA,porto estrela,,134,,,263,Doce,1,,,porto estrela,porto estrela,PORTO ESTRELA,,,-19.11472222,-42.66305556,"-19.11472222,-42.66305556",UHE Porto Estrela,UHE Porto Estrela (Rio Santo Antônio),0,0,0,,263,Porto Estrela,P. ESTRELA,PORTO ESTRELA,Santo Antônio,Doce,SE,Sudeste,Braunas-MG,Operação,Natural,Regredido,,,,,0.4242,
,,,,,,,,,,,,,,,,,,,,,,,,,,,,,,,,,,,,,,,,,,,,,,265,Traíra 2 - expansão,,(só aparece em VAZOES.DAT),Suaçuí Grande,Doce,SE,Sudeste,Pecanha-MG,Expansão,Natural,,,,,,,
266,ITAIPU (266),SE,ITAIPU NAT.,baixo parana,266,,0.0,266,266,19058,19058,266,,,,,,parana,266,,,,61_243_34,63_246,,,266,Parana,5,,,itaipu nat.,itaipu,ITAIPU,,,-25.40472222,-54.58833333,"-25.40472222,-54.58833333",UHE Itaipu,UHE Itaipu (Rio Paraná),1,0,0,,266,Itaipu,,,Paraná,Paraná,SE,Itaipu,FozdoIguacu-PR,Operação,Natural,Vazão obs.,,,,S,,
,,,,,,,,,,,,,,,,,,,,,,,,,,,,,,,,,,,,,,,,,,,,,,267,Baú 1,,(só aparece em VAZOES.DAT),Doce,Doce,SE,Sudeste,RioDoce-MG,Expansão,Natural,,,,,,,
269,BALBINA (269),N,BALBINA,amazonas,269,,0.2048,,269,19141,19141,,,,,,,amazonas,269,269,BALBINA,balbina,,,,,269,amazon,9,,,balbina,balbina,BALBINA,,,-1.91361111,-59.47388889,"-1.91361111,-59.47388889",UHE Balbina,UHE Balbina (Rio Uatumã),0,0,0,,269,Balbina,BALBINA,BALBINA,Uatumã,Amazonas,N,Amazonas,PresidenteFigueiredo-AM,Operação,Natural,Vazão obs.,,,,N,0.2048,
270,SA MESA (270),SE,SERRA DA MESA,tocantins,270,,1.0315,270,270,19128,19128,270,,,,,,tocantins,270,270,SERRA DA MESA,serra da mesa,,,,,270,Tocantins,1,,,serra da mesa,serra da mesa,SERRA DA MESA,,,-13.83416667,-48.30583333,"-13.83416667,-48.30583333",UHE Serra da Mesa,UHE Serra da Mesa (Rio Tocantins),0,0,0,,270,Serra da Mesa,SERRA MESA,SERRA DA MESA,Tocantins,Tocantins,SE,Sudeste,Minacu-GO,Operação,Natural,Vazão obs.,,,,N,1.0315,
271,ESTREITO TOCANTINS (271),N,ESTREITO TOC,tocantins,271,,0.2004,271,271,19133,19133,271,,,,,,tocantins,271,271,ESTREITO TOC,,257,273,,,271,Tocantins,4,,,estreito toc,,,,,-6.58861111,-47.46388889,"-6.58861111,-47.46388889",UHE Estreito TO,UHE Estreito TO (Rio Tocantins),0,0,0,,271,Estreito Tocantins,ESTREITO TOC,ESTREITO,Tocantins,Tocantins,N,Norte,Estreito-MA,Operação,Natural,Vazão obs.,,,,N,0.2004,
273,LAJEADO (273),SE,LAJEADO,tocantins,273,,0.3248,273,273,19132,19132,273,,,,,,tocantins,273,273,LAJEADO,,257,257,,,273,Tocantins,1,,,lajeado,lajeado,LAJEADO,,,-9.75638889,-48.37416667,"-9.75638889,-48.37416667",UHE Lajeado,UHE Lajeado (Rio Tocantins),0,0,0,,273,Lajeado (Luís Eduardo Magalhães),LAJEADO,LAJEADO,Tocantins,Tocantins,SE,Sudeste,SaoSalvadordoTocantins-TO,Operação,Natural,Regredido,,,,,0.3248,
,,,,,,,,,,,,,,,,,,,,,,,,,,,,,,,,,,,,,,,,,,,,,,274,Serra Quebrada - expansão,,(só aparece em VAZOES.DAT),Tocantins,Tocantins,N,Norte,Itaguatins-TO,Expansão,Natural,,,,,,,
275,TUCURUI (275),N,TUCURUI     ,tocantins,275,,0.5482,275,275,19134,19134,275,,,,,,tocantins,275,275,TUCURUI     ,tucurui,257,271,,,275,Tocantins,4,,,tucurui     ,tucurui,TUCURUI,,,-3.83416667,-49.64527778,"-3.83416667,-49.64527778",UHE Tucuruí,UHE Tucuruí (Rio Tocantins),0,0,0,,275,Tucuruí,TUCURUI,TUCURUI,Tocantins,Tocantins,N,Norte,Tucurui-PA,Operação,Natural,Vazão obs.,,,,N,0.5748,
,,,,,,,,,,,,,,,,,,,,,,,,,,,,,,,,,,,,,,,,,,,,,,276,Santa Isabel,,(só aparece em VAZOES.DAT),Araguaia,Tocantins,N,Norte,Ananas-TO,Expansão,Natural,,,,,,,
277,CURUA-UNA (277),N,CURUA-UNA   ,amazonas,277,,0.1641,277,277,19139,19139,277,,,,,,amazonas,277,277,CURUA-UNA   ,curua-una,,,,,277,amazon,8,,,curua-una   ,curua-una,CURUA-UNA,,,-2.81611111,-54.30055556,"-2.81611111,-54.30055556",UHE Curuá-Una,UHE Curuá-Una (Rio Curuá-Una),0,0,0,,277,Curuá-Una,CURUA-UNA,CURUA-UNA,Curuá-Una,Amazonas,N,BeloMonte,Santarem-PA,Operação,Natural,Vazão obs.,,,,N,0.1641,
278,MANSO (278),SE,MANSO,paraguai,278,,0.5145,278,278,19086,19086,278,,,,,,paraguai,278,278,MANSO,manso,,,,,278,Paraguai,1,,,manso,manso,MANSO,,,-14.87138889,-55.78361111,"-14.87138889,-55.78361111",UHE Manso,UHE Manso (Rio Manso),0,0,0,,278,Manso,MANSO,MANSO,Manso,Paraguai,SE,Sudeste,NossaSenhoradoLivramento-MT,Operação,Natural,Vazão obs.,,,,N,0.5145,
279,SAMUEL (279),SE,SAMUEL,amazonas,279,,0.2505,279,279,19137,19137,279,,,,,,amazonas,279,279,SAMUEL,samuel,,,,,279,amazon,6,,,samuel,samuel,SAMUEL,,,-8.75194444,-63.45416667,"-8.75194444,-63.45416667",UHE Samuel,UHE Samuel (Rio Jamari),0,0,0,,279,Samuel,SAMUEL,SAMUEL,Jamari,Amazonas,SE,Madeira,SaoMigueldoGuapore-RO,Operação,Natural,Vazão obs.,,,,N,0.2505,
280,COARACY NUN. (280),N,COARACY NUNES,araguari,280,,0.1794,,280,19144,19144,280,,,,,,araguari,280,280,COARACY NUNES,,,204,,,280,amazon,9,,,coaracy nunes,coaracy nunes,COARACY NUNES,,,0.91527778,-51.25944444,"0.91527778,-51.25944444",UHE Coaracy Nunes,UHE Coaracy Nunes (Rio Araguari (AP)),0,0,0,,280,Coaracy Nunes,COARACY NUNE,COARACY NUNES,Araguari,Araguari,N,Amazonas,FerreiraGomes-AP,Operação,Natural,Vazão obs.,,,,N,0.1794,
281,PONTE PEDRA (281),SE,P.PEDRA,paraguai,281,,2.2355,281,281,19088,19088,281,,,,,,paraguai,281,281,P.PEDRA,,,,,,281,Paraguai,1,,,p.pedra,ponte de pedra,PONTE DE PEDRA,,,-17.58638889,-54.90722222,"-17.58638889,-54.90722222",UHE Ponte de Pedra,UHE Ponte de Pedra (Rio Correntes),0,0,0,,281,Ponte de Pedra,PONTE PEDRA,PONTE DE PEDRA,Correntes,Paraguai,SE,Sudeste,ChapadaodoSul-MS,Operação,Natural,Vazão obs.,,,,N,2.2355,
,,,,,,,,,,,,,,,,,,,,,,,,,,,,,,,,,,,,,,,,,,,,,,282,Olho d'água,,(só aparece em VAZOES.DAT),Correntes,Paraguai,SE,Parana,Itaja-GO,Operação,Natural,,,,,,,
283,STA CLARA MG (283),SE,SANTA CLARA - MG,mucuri,283,,0.4584,283,283,19114,19114,283,,,,,,mucuri,283,283,SANTA CLARA - MG,,,,,,283,mucuri,1,,,santa clara - mg,sta.clara-mg,STA.CLARA-MG,,,-17.89583333,-41.20333333,"-17.89583333,-40.20333333",UHE Santa Clara MG,UHE Santa Clara MG (Rio Mucuri),0,0,0,,283,Santa Clara MG,STA CLARA MG,STA.CLARA-MG,Mucuri,Mucuri,SE,Sudeste,Mucuri-BA,Operação,Natural,Vazão obs.,,,,N,0.4584,
284,14 DE JULHO (284),S,14 DE JULHO,jacui,284,,0.3061,284,284,19083,19083,284,,,,,,jacui,284,284,14 DE JULHO,,,97,,,284,Jacui,2,,,14 de julho,14 de julho,14 DE JULHO,,,-29.06944444,-51.67527778,"-29.06944444,-51.67527778",UHE 14 de Julho,UHE 14 de Julho (Rio das Antas),0,0,0,,284,14 de Julho,14 DE JULHO,14 DE JULHO,Antas,Jacuí,S,Sul,Cotipora-RS,Operação,Natural,Regredido,,,,,0.3061,
285,JIRAU (285),SE,JIRAU,amazonas,285,,0.1551,285,285,19148,19148,285,,,,,,amazonas,285,285,JIRAU,,,,,,285,amazon,6,,,jirau,jirau,JIRAU,,,-9.26833333,-64.64861111,"-9.26833333,-64.64861111",UHE Jirau,UHE Jirau (Rio Madeira),0,0,0,,285,Jirau,JIRAU,JIRAU,Madeira,Amazonas,SE,Madeira,SaoMigueldoGuapore-RO,Expansão,Natural,Regredido,,,vazoes(285) = vazoes(287) * 0.985,,,0.1593
286,QUEBRA QUEIX (286),S,QUEBRA-QUEIXO,uruguai,286,,1.0522,286,286,19074,19074,286,,,,,,uruguai,286,286,QUEBRA-QUEIXO,quebra queixo,,,,,286,Uruguai,2,,,quebra-queixo,quebra queixo,QUEBRA QUEIXO,,,-26.6677777,-52.55472222,"-26.66777778,-52.55472222",UHE Quebra Queixo,UHE Quebra Queixo (Rio Chapecó),0,0,0,,286,Quebra Queixo,QUEBRA QUEIX,QUEBRA QUEIXO,Chapecó,Uruguai,S,Sul,Ipuacu-SC,Operação,Natural,Vazão obs.,,,,N,1.0522,
287,SANTO ANTONIO (MADEIRA) (287),SE,SANTO ANTONIO,amazonas,287,,0.1387,287,287,19135,19135,287,,,,,,amazonas,287,287,SANTO ANTONIO,santonio cm,,,,,287,amazon,6,,,santo antonio,santo antonio,SANTO ANTONIO,,,-8.80111111,-63.94972222,"-8.80111111,-63.94972222",UHE Santo Antônio,UHE Santo Antônio (Rio Madeira),0,0,0,,287,Santo Antônio,STO ANTONIO,SANTO ANTONIO,Madeira,Amazonas,SE,Madeira,SaoMigueldoGuapore-RO,Expansão,Natural,Vazão obs.,,,,N,0.1395,
288,PIMENTAL (288),N,PIMENTAL,xingu,288,,0.0,,,,,288,,,,,,,288,288,PIMENTAL,,,,,,288,amazon,8,,,pimental,pimental,PIMENTAL,,,-3.440279,-51.944201,,,,0,1,0,,288,Pimental,,PIMENTAL,Xingu,Amazonas,N,BeloMonte,VitoriadoXingu-PA,Expansão,Natural,Vazão obs.,,,,N,0.1163,
,,,,,,,,,,,,,,,,,,,,,,,,,,,,,,,,,,,,,,,,,,,,,,289,Itumirim - expansão,,(só aparece em VAZOES.DAT),Corrente,Paraguai,SE,Parana,Apore-GO,Expansão,Natural,,,,,,,
290,,N,SANTO ANTONIO DO JARI,amazonas,290,,0.2339,290,290,19151,19151,290,,,,,,amazonas,290,290,SANTO ANTONIO DO JARI,,,,,,290,amazon,9,,,santo ant. jari,sto antonio do jari,STO ANTONIO DO JARI,,,-0.86750000,-52.40555556,"-0.86750000,-52.40555556",UHE Santo Antônio do Jari,UHE Santo Antônio do Jari (Rio Jari),0,0,0,,290,Santo Antônio do Jari,STO ANT JARI,STO ANTONIO DO JARI,Jari,Amazonas,N,Amazonas,LaranjaldoJari-AP,Expansão,Natural,Vazão obs.,,,,N,0.2339,
291,STO ANT JARI (290),SE,DARDANELOS,amazonas,291,,0.8689,291,291,19145,19145,291,,,,,,amazonas,291,291,DARDANELOS,,,,,,291,amazon,6,,,dardanelos,dardanelos,DARDANELOS,,,-10.16305556,-59.46361111,"-10.16305556,-59.46361111",UHE Dardanelos,UHE Dardanelos (Rio Aripuanã),0,0,0,,291,Dardanelos,DARDANELOS,DARDANELOS,Aripuanã,Amazonas,SE,Madeira,Araputanga-MT,Operação,Natural,Vazão obs.,,,,N,0.8689,
292,DARDANELOS (291),N,BELO MONTE ART,,,,0.8032,,,,,,,,,,,,,292,BELO MONTE ART,,,,,,292,,,,,,,,,,,,,,,0,1,0,,292,Belo Monte Principal - artificial,BELO MONTE,BELO MONTE,Xingu,Amazonas,N,BeloMonte,VitoriadoXingu-PA,Expansão,Artificial,,,,"292 = Se vaz(288) < vaz mês hidrog B então = 0; Se vaz(288) > vaz mês hidrog B + 13.900 m³/s então = 13.900 m³/s; Caso contrário, vaz(288) - vaz mês hidrog B",,0.8032,
,,,,,,,,,,,,,,,,,,,,,,,,,,,,,,,,,,,,,,,,,,,,,,293,Belo Monte Jusante,,(só aparece em VAZOES.DAT),Xingu,Amazonas,N,BeloMonte,VitoriadoXingu-PA,Expansão,Artificial,,,,,,,
294,SALTO (294),SE,SALTO,paranaiba,294,,0.4492,294,294,19031,19031,294,,,,,,paranaiba,294,294,SALTO,,,,,,294,Paranaiba,10,,,salto,salto,SALTO,,,-18.80750000,-51.17111111,"-18.80750000,-51.17111111",UHE Salto,UHE Salto (Rio Verde),,0,0,,294,Salto,SALTO,SALTO,Verde,Paranaíba,SE,Parana,Itaruma-GO,Operação,Natural,Vazão obs.,,,,N,0.4492,
295,JAURU (295),SE,JAURU,paraguai,295,,0.9182,295,295,19089,19089,295,,,,,,paraguai,295,295,JAURU,,,,,,295,Paraguai,1,,,jauru,jauru,JAURU,,,-15.24083333,-58.73111111,"-15.24083333,-58.73111111",UHE Jauru,UHE Jauru (Rio Jauru),0,0,0,,295,Jauru,JAURU,JAURU,Jauru,Paraguai,SE,Sudeste,Araputanga-MT,Operação,Natural,Vazão obs.,,,,N,0.9182,
296,GUAPORE (296),SE,GUAPORÉ,amazonas,296,,1.4108,296,296,19136,19136,296,,,,,,amazonas,296,296,GUAPORÉ,,,,,,296,amazon,6,,,guaporé,guapore,GUAPORE,,,-15.1216666,-58.96416667,"-15.12166667,-58.96416667",UHE Guaporé,UHE Guaporé (Rio Guaporé),0,0,0,,296,Guaporé,GUAPORE,GUAPORE,Guaporé,Amazonas,SE,Madeira,SaoMigueldoGuapore-RO,Operação,Natural,Vazão obs.,,,,N,1.4108,
297,FEIRA GOMES (297),N,FERREIRA GOMES,araguari,297,,0.1611,,297,19146,19146,297,,,,,,araguari,297,297,FERREIRA GOMES,,,280,,,297,amazon,9,,,ferreira gomes,ferreira gomes,FERREIRA GOMES,,,0.85566667,-51.19683333,"0.85566667,-51.19683333",UHE Ferreira Gomes,UHE Ferreira Gomes (Rio Araguari (AP)),0,0,0,,297,Ferreira Gomes,FERREIRA GOM,FERREIRA GOMES,Araguari,Araguari,N,Amazonas,FerreiraGomes-AP,Expansão,Natural,Regredido,,,,,0.1611,
,,,BOMB. STA CECÍLIA,,,,,,,,,,,,,,,,,,,,,,,,298,,,,,,,,,,,,,,,,1,0,,298,Santa Cecília Bombeamento - artificial,,(só aparece em VAZOES.DAT),Paraíba do Sul,Paraíba do Sul,SE,Sudeste,Pirai-RJ,Operação,Artificial,,,,298 = Se vaz(125) ≤ 190 m³/s então = [vaz(125) x 119 m³/s] / 190 m³/s Se 190 m³/s < vaz(125) ≤ 209 m³/s então = 119 m³/s Se 209 m³/s ≤ vaz(125) ≤ 250 m³/s então = vaz(125) – 90 m³/s Se vaz(125) < 250 m³/s então = 160 m³/s,,,
299,,SE,ILHA POMBOS ART.,,,,0.2588,,,,,,,,,,,,,299,ILHA POMBOS,,,,,,299,,,,,,,,,,,,,,,,1,0,,299,Ilha dos Pombos - artificial,ILHA POMBOS,(só aparece em VAZOES.DAT),Paraíba do Sul,Paraíba do Sul,SE,Sudeste,Pirai-RJ,Operação,Artificial,,,,299 = vaz(130) – vaz(298) – vaz(203) + vaz(304),,0.2588,
,,,,,,,,,,,,,,,,,,,,,,,,,,,,,,,,,,,,,,,,,,,,,,300,Posto Nulo,,,Não_definido,,,,,Operação,Natural,,,,,,,
301,,SE,,alto tiete,301,,0.0,,,,,,,,,,,tiete,301,,,,,,,,,Tiete,1,,,billings antiga,,,,,,,,,,,0,0,,301,Billings Antiga,,(só aparece em VAZOES.DAT),Pinheiros,Tietê,SE,Sudeste,SaoPaulo-SP,Operação,Artificial,Regredido,,,vazoes(301) = vazoes(118),,,
302,,N,PIMENTAL_ART,,,,0.1163,,,,,,,,,,,,,302,PIMENTAL_ART,,,,,,302,,,,,,,,,,,,,,,,1,0,,302,Belo Monte Complementar - artificial,PIMENTAL,(só aparece em VAZOES.DAT),Xingu,Amazonas,N,BeloMonte,VitoriadoXingu-PA,Expansão,Artificial,,,,302 = vaz(288) – vaz(292),,0,
303,,SE,FONTES,,,,2.5295,,,,,,,,,,,,,303,FONTES,,,,,,303,,,,,,,,,,-22.69111111,-43.86277778,"-22.69111111,-43.86277778",UHE Fontes Nova,UHE Fontes Nova (Rio Ribeirão das Lajes),,1,0,,303,Fontes Novas - artificial,FONTES,FONTES,Ribeirão das Lajes,Paraíba do Sul,SE,Sudeste,Pirai-RJ,Operação,Artificial,Regredido*,,,"if vazoes(132)>=17; vazoes(303) = 17 + min(vazoes(316) - vazoes(131), 34); else; vazoes(303) = vazoes(132); end",,2.5295,
,,,VERT. SANTANA,,,,,,,,,,,,,,,,,,,,,,,,304,,,,,,,,,,,,,,,,1,0,,304,Santana Vertimento - artificial,,(só aparece em VAZOES.DAT),Piraí,Paraíba do Sul,SE,Sudeste,Pirai-RJ,Operação,Artificial,,,,304 = vaz(315) – vaz(316),,,
306,,SE,PEREIRA PASSOS,,,,0.3140,,,,,,,,,,,,,306,PEREIRA PASSOS,,,,,,306,,,,,,,,,,,,,,,,1,0,,306,Pereira Passos - artificial,P. PASSOS,PEREIRA PASSOS,Ribeirão das Lajes,Paraíba do Sul,SE,Sudeste,Pirai-RJ,Operação,Artificial,Regredido*,,,306 = vaz(303) + vaz(131) ,,314,
,,,,,,,,,,,,,,,,,,,,,,,,,,,,,,,,,,,,,,,,,,,,,,313,Itaguaçu,,(só aparece em VAZOES.DAT),Claro,Paranaíba,SE,Parana,Cacu-GO,Expansão,Natural,,,,,,,
,,,,,,,,,,,,,,,,,,,,,,,,,,,,,,,,,,,,,,,,,,,,,,314,Itaocara I - artificial,,(só aparece em VAZOES.DAT),Paraíba do Sul,Paraíba do Sul,SE,Sudeste,Aperibe-RJ,Operação,Artificial,,,,314 = vaz(199) – vaz(298) – vaz(203) + vaz(304),,,
,,,SANTANA ART.,,,,,,,,,,,,,,,,,,,,,,,,315,,,,,,,,,,,,,,,,1,0,,315,Santana - artificial,,(só aparece em VAZOES.DAT),Ribeirão das Lajes,Paraíba do Sul,SE,Sudeste,Pirai-RJ,Operação,Artificial,,,,315 = (vaz(203) – vaz(201)) + vaz(317) + vaz(298) ,,,
,,,VIGÁRIO,,,,,,,,,,,,,,,,,,,,,,,,316,,,,,,,,,,-22.62933333,-43.89566667,"-22.62933333,-43.89566667",RES Vigário,RES Vigário (Rio Piraí),,1,0,,316,Vigário - artificial - usina elevatória,,(só aparece em VAZOES.DAT),Ribeirão das Lajes,Paraíba do Sul,SE,Sudeste,Pirai-RJ,Operação,Artificial,,,,"316 = min(vaz(315),190)", 190 m³/s),,
317,,SE,VERT. TOCOS,,,,,,,,,,,,,,,,,,,,,,,,317,,,,,,,,,,,,,,,,0,0,,317,Tocos Vertimento - artificial,,(só aparece em VAZOES.DAT),Piraí,Paraíba do Sul,SE,Sudeste,Pirai-RJ,Operação,Artificial,,,,317 = max[ 0, (vaz(201) – 25 m³/s)],,
318,,SE,H.BORDEN,,,,5.6537,,,,,,,,,,,,,318,H.BORDEN,,,,,,318,,,,,,,,,,,,,,,,1,0,,318,Henry Borden - artificial,HENRY BORDEN,HENRY BORRDEN,Cubatão,Tietê,SE,Sudeste,SaoPaulo-SP,Operação,Artificial,,,,vazoes(318) = vazoes(116) + 0.1*(vazoes(161) - vazoes(117) - vazoes(118)) + vazoes(117) + vazoes(118),,5.6537,
,,,,,,,,,,,,,,,,,,,,,,,,,,,,,,,,,,,,,,,,,,,,,,319,Billings - artificial,BILLINGS,(só aparece em VAZOES.DAT),Pinheiros,Tietê,SE,Sudeste,SaoPaulo-SP,Operação,Artificial,,,,"319 = vaz(117) + vaz(118) + 0,1 x [vaz(161) – vaz(117) – vaz(118)]",,,
320,,SE,,alto tiete,320,,0.0,,,,,,,,,,,tiete,320,,,,,,,,,Tiete,1,,,billings + pedras 2,,,,,,,,,,,0,0,,320,Billings Antiga,,(só aparece em VAZOES.DAT),Pinheiros,Tietê,SE,Sudeste,SaoPaulo-SP,Operação,Artificial,Regredido,,,vazoes(320) = vazoes(119),,,
